gameId,home,away,scoreHome,scoreAway,date,home_win
22300061,DEN,LAL,119,107,2023-10-24,1
22300062,GSW,PHX,104,108,2023-10-24,0
22300063,CHA,ATL,116,110,2023-10-25,1
22300064,IND,WAS,143,120,2023-10-25,1
22300065,NYK,BOS,104,108,2023-10-25,0
22300066,ORL,HOU,116,86,2023-10-25,1
22300067,BKN,CLE,113,114,2023-10-25,0
22300068,MIA,DET,103,102,2023-10-25,1
22300069,TOR,MIN,97,94,2023-10-25,1
22300070,CHI,OKC,104,124,2023-10-25,0
22300071,MEM,NOP,104,111,2023-10-25,0
22300072,UTA,SAC,114,130,2023-10-25,0
22300073,SAS,DAL,119,126,2023-10-25,0
22300074,LAC,POR,123,111,2023-10-25,1
22300075,MIL,PHI,118,117,2023-10-26,1
22300076,LAL,PHX,100,95,2023-10-26,1
22300077,CHA,DET,99,111,2023-10-27,0
22300078,MEM,DEN,104,108,2023-10-27,0
22300079,ATL,NYK,120,126,2023-10-27,0
22300080,BOS,MIA,119,111,2023-10-27,1
22300081,CLE,OKC,105,108,2023-10-27,0
22300082,CHI,TOR,104,103,2023-10-27,1
22300083,SAS,HOU,126,122,2023-10-27,1
22300084,DAL,BKN,125,120,2023-10-27,1
22300085,UTA,LAC,120,118,2023-10-27,1
22300086,POR,ORL,97,102,2023-10-27,0
22300087,SAC,GSW,114,122,2023-10-27,0
22300088,DET,CHI,118,102,2023-10-28,1
22300089,WAS,MEM,113,106,2023-10-28,1
22300090,NOP,NYK,96,87,2023-10-28,1
22300091,CLE,IND,113,125,2023-10-28,0
22300092,TOR,PHI,107,114,2023-10-28,0
22300093,MIN,MIA,106,90,2023-10-28,1
22300094,PHX,UTA,126,104,2023-10-28,1
22300095,OKC,DEN,95,128,2023-10-29,0
22300096,HOU,GSW,95,106,2023-10-29,0
22300097,MIL,ATL,110,127,2023-10-29,0
22300098,PHI,POR,126,98,2023-10-29,1
22300099,LAC,SAS,123,83,2023-10-29,1
22300100,SAC,LAL,132,127,2023-10-29,1
22300101,CHA,BKN,121,133,2023-10-30,0
22300102,IND,CHI,105,112,2023-10-30,0
22300103,WAS,BOS,107,126,2023-10-30,0
22300104,ATL,MIN,127,113,2023-10-30,1
22300105,TOR,POR,91,99,2023-10-30,0
22300106,MEM,DAL,110,125,2023-10-30,0
22300107,MIL,MIA,122,114,2023-10-30,1
22300108,NOP,GSW,102,130,2023-10-30,0
22300109,OKC,DET,124,112,2023-10-30,1
22300110,DEN,UTA,110,102,2023-10-30,1
22300111,LAL,ORL,106,103,2023-10-30,1
22300112,CLE,NYK,91,109,2023-10-31,0
22300113,PHX,SAS,114,115,2023-10-31,0
22300114,LAC,ORL,118,102,2023-10-31,1
22300115,DET,POR,101,110,2023-11-01,0
22300116,TOR,MIL,130,111,2023-11-01,1
22300117,ATL,WAS,130,121,2023-11-01,1
22300118,BOS,IND,155,104,2023-11-01,1
22300119,MIA,BKN,105,109,2023-11-01,0
22300120,NYK,CLE,89,95,2023-11-01,0
22300121,OKC,NOP,106,110,2023-11-01,0
22300122,HOU,CHA,128,119,2023-11-01,1
22300123,MIN,DEN,110,89,2023-11-01,1
22300124,DAL,CHI,114,105,2023-11-01,1
22300125,UTA,MEM,133,109,2023-11-01,1
22300126,GSW,SAC,102,101,2023-11-01,1
22300127,LAL,LAC,130,125,2023-11-01,1
22300128,PHI,TOR,114,99,2023-11-02,1
22300129,NOP,DET,125,116,2023-11-02,1
22300130,UTA,ORL,113,115,2023-11-02,0
22300131,PHX,SAS,121,132,2023-11-02,0
22300001,IND,CLE,121,116,2023-11-03,1
22300002,MIL,NYK,110,105,2023-11-03,1
22300003,MIA,WAS,121,114,2023-11-03,1
22300004,CHI,BKN,107,109,2023-11-03,0
22300005,OKC,GSW,139,141,2023-11-03,0
22300006,DEN,DAL,125,114,2023-11-03,1
22300007,POR,MEM,115,113,2023-11-03,1
22300132,PHI,PHX,112,100,2023-11-04,1
22300133,IND,CHA,124,125,2023-11-04,0
22300134,ORL,LAL,120,101,2023-11-04,1
22300135,NOP,ATL,105,123,2023-11-04,0
22300136,BKN,BOS,114,124,2023-11-04,0
22300137,HOU,SAC,107,89,2023-11-04,1
22300138,MIN,UTA,123,95,2023-11-04,1
22300139,DEN,CHI,123,101,2023-11-04,1
22300140,DET,PHX,106,120,2023-11-05,0
22300141,SAS,TOR,116,123,2023-11-05,0
22300142,CLE,GSW,115,104,2023-11-05,1
22300143,DAL,CHA,124,118,2023-11-05,1
22300144,POR,MEM,100,112,2023-11-05,0
22300145,DET,GSW,109,120,2023-11-06,0
22300146,IND,SAS,152,111,2023-11-06,1
22300147,ORL,DAL,102,117,2023-11-06,0
22300148,PHI,WAS,146,128,2023-11-06,1
22300149,BKN,MIL,125,129,2023-11-06,0
22300150,MIA,LAL,108,107,2023-11-06,1
22300151,NYK,LAC,111,97,2023-11-06,1
22300152,CHI,UTA,130,113,2023-11-06,1
22300153,HOU,SAC,122,97,2023-11-06,1
22300154,MIN,BOS,114,109,2023-11-06,1
22300155,OKC,ATL,126,117,2023-11-06,1
22300156,DEN,NOP,134,116,2023-11-06,1
22300157,CHA,WAS,116,132,2023-11-08,0
22300158,IND,UTA,134,118,2023-11-08,1
22300159,PHI,BOS,106,103,2023-11-08,1
22300160,BKN,LAC,100,93,2023-11-08,1
22300161,NYK,SAS,126,105,2023-11-08,1
22300162,CHI,PHX,115,116,2023-11-08,0
22300163,HOU,LAL,128,94,2023-11-08,1
22300164,MEM,MIA,102,108,2023-11-08,0
22300165,MIL,DET,120,118,2023-11-08,1
22300166,MIN,NOP,122,101,2023-11-08,1
22300167,OKC,CLE,128,120,2023-11-08,1
22300168,DAL,TOR,116,127,2023-11-08,0
22300169,DEN,GSW,108,105,2023-11-08,1
22300170,SAC,POR,121,118,2023-11-08,1
22300171,IND,MIL,126,124,2023-11-09,1
22300172,ORL,ATL,119,120,2023-11-09,0
22300008,DET,PHI,106,114,2023-11-10,0
22300009,WAS,CHA,117,124,2023-11-10,0
22300010,BOS,BKN,121,107,2023-11-10,1
22300011,HOU,NOP,104,101,2023-11-10,1
22300012,MEM,UTA,121,127,2023-11-10,0
22300013,SAS,MIN,110,117,2023-11-10,0
22300014,DAL,LAC,144,126,2023-11-10,1
22300015,PHX,LAL,119,122,2023-11-10,0
22300016,SAC,OKC,105,98,2023-11-10,1
22300173,ORL,MIL,112,97,2023-11-11,1
22300174,BOS,TOR,117,94,2023-11-11,1
22300175,ATL,MIA,109,117,2023-11-11,0
22300176,GSW,CLE,110,118,2023-11-11,0
22300177,NYK,CHA,129,107,2023-11-12,1
22300178,BKN,WAS,102,94,2023-11-12,1
22300179,LAC,MEM,101,105,2023-11-12,0
22300180,PHI,IND,137,126,2023-11-12,1
22300181,CHI,DET,119,108,2023-11-12,1
22300182,HOU,DEN,107,104,2023-11-12,1
22300183,NOP,DAL,124,136,2023-11-12,0
22300184,SAS,MIA,113,118,2023-11-12,0
22300185,PHX,OKC,99,111,2023-11-12,0
22300186,GSW,MIN,110,116,2023-11-12,0
22300187,LAL,POR,116,110,2023-11-12,1
22300188,BOS,NYK,114,98,2023-11-13,1
22300189,TOR,WAS,111,107,2023-11-13,1
22300190,MIL,CHI,118,109,2023-11-13,1
22300191,SAC,CLE,132,120,2023-11-13,1
22300017,CHA,MIA,105,111,2023-11-14,0
22300018,DET,ATL,120,126,2023-11-14,0
22300019,PHI,IND,126,132,2023-11-14,0
22300020,BKN,ORL,124,104,2023-11-14,1
22300021,OKC,SAS,123,87,2023-11-14,1
22300022,NOP,DAL,131,110,2023-11-14,1
22300023,UTA,POR,115,99,2023-11-14,1
22300024,DEN,LAC,111,108,2023-11-14,1
22300025,GSW,MIN,101,104,2023-11-14,0
22300026,LAL,MEM,134,107,2023-11-14,1
22300192,WAS,DAL,117,130,2023-11-15,0
22300193,ATL,NYK,114,116,2023-11-15,0
22300194,PHI,BOS,107,117,2023-11-15,0
22300195,TOR,MIL,112,128,2023-11-15,0
22300196,CHI,ORL,94,96,2023-11-15,0
22300197,PHX,MIN,133,115,2023-11-15,1
22300198,LAL,SAC,110,125,2023-11-15,0
22300199,POR,CLE,95,109,2023-11-15,0
22300200,MIA,BKN,122,115,2023-11-16,1
22300201,GSW,OKC,109,128,2023-11-16,0
22300027,CHA,MIL,99,130,2023-11-17,0
22300028,WAS,NYK,99,120,2023-11-17,0
22300029,ATL,PHI,116,126,2023-11-17,0
22300030,CLE,DET,108,100,2023-11-17,1
22300031,TOR,BOS,105,108,2023-11-17,0
22300032,SAS,SAC,120,129,2023-11-17,0
22300033,CHI,ORL,97,103,2023-11-17,0
22300034,NOP,DEN,115,110,2023-11-17,1
22300035,UTA,PHX,128,131,2023-11-17,0
22300036,POR,LAL,95,107,2023-11-17,0
22300037,LAC,HOU,106,100,2023-11-17,1
22300202,CHA,NYK,108,122,2023-11-18,0
22300203,NOP,MIN,120,121,2023-11-18,0
22300204,CHI,MIA,102,97,2023-11-18,1
22300205,MIL,DAL,132,125,2023-11-18,1
22300206,SAS,MEM,108,120,2023-11-18,0
22300207,GSW,OKC,123,130,2023-11-18,0
22300208,BKN,PHI,99,121,2023-11-19,0
22300209,IND,ORL,116,128,2023-11-19,0
22300210,CLE,DEN,121,109,2023-11-19,1
22300211,TOR,DET,142,113,2023-11-19,1
22300212,DAL,SAC,113,129,2023-11-19,0
22300213,MEM,BOS,100,102,2023-11-19,0
22300214,UTA,PHX,137,140,2023-11-19,0
22300215,POR,OKC,91,134,2023-11-19,0
22300216,LAL,HOU,105,104,2023-11-19,1
22300217,CHA,BOS,121,118,2023-11-20,1
22300218,DET,DEN,103,107,2023-11-20,0
22300219,WAS,MIL,129,142,2023-11-20,0
22300220,CHI,MIA,100,118,2023-11-20,0
22300221,MIN,NYK,117,100,2023-11-20,1
22300222,NOP,SAC,129,93,2023-11-20,1
22300223,SAS,LAC,99,124,2023-11-20,0
22300224,GSW,HOU,121,116,2023-11-20,1
22300038,ORL,TOR,126,107,2023-11-21,1
22300039,ATL,IND,152,157,2023-11-21,0
22300040,PHI,CLE,119,122,2023-11-21,0
22300041,PHX,POR,120,107,2023-11-21,1
22300042,LAL,UTA,131,99,2023-11-21,1
22300225,CHA,WAS,117,114,2023-11-22,1
22300226,ORL,DEN,124,119,2023-11-22,1
22300227,ATL,BKN,147,145,2023-11-22,1
22300228,BOS,MIL,119,116,2023-11-22,1
22300229,CLE,MIA,96,129,2023-11-22,0
22300230,IND,TOR,131,132,2023-11-22,0
22300231,HOU,MEM,111,91,2023-11-22,1
22300232,MIN,PHI,112,99,2023-11-22,1
22300233,NOP,SAC,117,112,2023-11-22,1
22300234,OKC,CHI,116,102,2023-11-22,1
22300235,SAS,LAC,102,109,2023-11-22,0
22300236,PHX,GSW,123,115,2023-11-22,1
22300237,POR,UTA,121,105,2023-11-22,1
22300238,LAL,DAL,101,104,2023-11-22,0
22300043,ORL,BOS,113,96,2023-11-24,1
22300044,MEM,PHX,89,110,2023-11-24,0
22300045,NYK,MIA,100,98,2023-11-24,1
22300046,TOR,CHI,121,108,2023-11-24,1
22300047,IND,DET,136,113,2023-11-24,1
22300048,HOU,DEN,105,86,2023-11-24,1
22300049,MIL,WAS,131,128,2023-11-24,1
22300050,MIN,SAC,111,124,2023-11-24,0
22300051,GSW,SAS,118,112,2023-11-24,1
22300052,LAC,NOP,106,116,2023-11-24,0
22300239,OKC,PHI,123,127,2023-11-25,0
22300240,BKN,MIA,112,97,2023-11-25,1
22300241,WAS,ATL,108,136,2023-11-25,0
22300242,CLE,LAL,115,121,2023-11-25,0
22300243,UTA,NOP,105,100,2023-11-25,1
22300244,LAC,DAL,107,88,2023-11-25,1
22300245,MIL,POR,108,102,2023-11-26,1
22300246,BOS,ATL,113,103,2023-11-26,1
22300247,NYK,PHX,113,116,2023-11-26,0
22300248,ORL,CHA,130,117,2023-11-26,1
22300249,MEM,MIN,97,119,2023-11-26,0
22300250,BKN,CHI,118,109,2023-11-26,1
22300251,CLE,TOR,105,102,2023-11-26,1
22300252,DEN,SAS,132,120,2023-11-26,1
22300253,DET,WAS,107,126,2023-11-27,0
22300254,IND,POR,110,114,2023-11-27,0
22300255,PHI,LAL,138,94,2023-11-27,1
22300256,UTA,NOP,114,112,2023-11-27,1
22300257,LAC,DEN,104,113,2023-11-27,0
22300053,BOS,CHI,124,97,2023-11-28,1
22300054,BKN,TOR,115,103,2023-11-28,1
22300055,CLE,ATL,128,105,2023-11-28,1
22300056,MIA,MIL,124,131,2023-11-28,0
22300057,NYK,CHA,115,91,2023-11-28,1
22300058,MIN,OKC,106,103,2023-11-28,1
22300059,DAL,HOU,121,115,2023-11-28,1
22300060,SAC,GSW,124,123,2023-11-28,1
22300258,DET,LAL,107,133,2023-11-29,0
22300259,ORL,WAS,139,120,2023-11-29,1
22300260,TOR,PHX,112,105,2023-11-29,1
22300261,MEM,UTA,105,91,2023-11-29,1
22300262,NOP,PHI,124,114,2023-11-29,1
22300263,DEN,HOU,134,124,2023-11-29,1
22300264,SAC,LAC,117,131,2023-11-29,0
22300265,CLE,POR,95,103,2023-11-30,0
22300266,BKN,CHA,128,129,2023-11-30,0
22300267,MIA,IND,142,132,2023-11-30,1
22300268,NYK,DET,118,112,2023-11-30,1
22300269,CHI,MIL,120,113,2023-11-30,1
22300270,MIN,UTA,101,90,2023-11-30,1
22300271,OKC,LAL,133,110,2023-11-30,1
22300272,SAS,ATL,135,137,2023-11-30,0
22300273,GSW,LAC,120,114,2023-11-30,1
22300274,ORL,WAS,130,125,2023-12-01,1
22300275,BOS,PHI,125,119,2023-12-01,1
22300276,TOR,NYK,106,119,2023-12-01,0
22300277,DAL,MEM,94,108,2023-12-01,0
22300278,NOP,SAS,121,106,2023-12-01,1
22300279,PHX,DEN,111,119,2023-12-01,0
22300280,LAC,GSW,113,112,2023-12-02,1
22300281,CHA,MIN,117,123,2023-12-02,0
22300282,BKN,ORL,129,101,2023-12-02,1
22300283,DET,CLE,101,110,2023-12-02,0
22300284,MIA,IND,129,144,2023-12-02,0
22300285,CHI,NOP,124,118,2023-12-02,1
22300286,MIL,ATL,132,121,2023-12-02,1
22300287,DAL,OKC,120,126,2023-12-02,0
22300288,PHX,MEM,116,109,2023-12-02,1
22300289,UTA,POR,118,113,2023-12-02,1
22300290,SAC,DEN,123,117,2023-12-02,1
22300291,LAL,HOU,107,97,2023-12-02,1
22301202,IND,BOS,122,112,2023-12-04,1
22301204,SAC,NOP,117,127,2023-12-04,0
22301201,MIL,NYK,146,122,2023-12-05,1
22301203,LAL,PHX,106,103,2023-12-05,1
22301205,CLE,ORL,121,111,2023-12-06,1
22301206,DET,MEM,102,116,2023-12-06,0
22301207,TOR,MIA,103,112,2023-12-06,0
22301208,WAS,PHI,126,131,2023-12-06,0
22301209,ATL,BKN,113,114,2023-12-06,0
22301210,MIN,SAS,102,94,2023-12-06,1
22301211,CHI,CHA,111,100,2023-12-06,1
22301212,HOU,OKC,110,101,2023-12-06,1
22301213,DAL,UTA,147,97,2023-12-06,1
22301214,GSW,POR,110,106,2023-12-06,1
22301215,LAC,DEN,111,102,2023-12-06,1
22301229,MIL,IND,119,128,2023-12-07,0
22301230,LAL,NOP,133,89,2023-12-07,1
22301216,CHA,TOR,119,116,2023-12-08,1
22301217,ORL,DET,123,91,2023-12-08,1
22301218,PHI,ATL,125,114,2023-12-08,1
22301219,BKN,WAS,124,97,2023-12-08,1
22301220,MIA,CLE,99,111,2023-12-08,0
22301221,MEM,MIN,103,127,2023-12-08,0
22301222,OKC,GSW,138,136,2023-12-08,1
22301223,SAS,CHI,112,121,2023-12-08,0
22301224,DEN,HOU,106,114,2023-12-08,0
22301225,UTA,LAC,103,117,2023-12-08,0
22301226,POR,DAL,112,125,2023-12-08,0
22301227,BOS,NYK,133,123,2023-12-08,1
22301228,PHX,SAC,106,114,2023-12-08,0
22300292,CHA,MIA,114,116,2023-12-11,0
22300293,DET,IND,123,131,2023-12-11,0
22300294,ORL,CLE,104,94,2023-12-11,1
22300295,PHI,WAS,146,101,2023-12-11,1
22300296,ATL,DEN,122,129,2023-12-11,0
22300297,NYK,TOR,136,130,2023-12-11,1
22300298,HOU,SAS,93,82,2023-12-11,1
22300299,MEM,DAL,113,120,2023-12-11,0
22300300,MIL,CHI,133,129,2023-12-11,1
22300301,NOP,MIN,121,107,2023-12-11,1
22300302,OKC,UTA,134,120,2023-12-11,1
22300303,SAC,BKN,131,118,2023-12-11,1
22300304,LAC,POR,132,127,2023-12-11,1
22300305,BOS,CLE,120,113,2023-12-12,1
22300306,DAL,LAL,127,125,2023-12-12,1
22300307,CHI,DEN,106,114,2023-12-12,0
22300308,PHX,GSW,119,116,2023-12-12,1
22300309,LAC,SAC,119,99,2023-12-12,1
22300310,DET,PHI,111,129,2023-12-13,0
22300311,WAS,NOP,122,142,2023-12-13,0
22300312,MIA,CHA,115,104,2023-12-13,1
22300313,TOR,ATL,135,128,2023-12-13,1
22300314,HOU,MEM,117,104,2023-12-13,1
22300315,MIL,IND,140,126,2023-12-13,1
22300316,SAS,LAL,119,122,2023-12-13,0
22300317,PHX,BKN,112,116,2023-12-13,0
22300318,UTA,NYK,117,113,2023-12-13,1
22300319,BOS,CLE,116,107,2023-12-14,1
22300320,MIA,CHI,116,124,2023-12-14,0
22300321,DAL,MIN,101,119,2023-12-14,0
22300322,DEN,BKN,124,101,2023-12-14,1
22300323,POR,UTA,114,122,2023-12-14,0
22300324,SAC,OKC,128,123,2023-12-14,1
22300325,LAC,GSW,121,113,2023-12-14,1
22300326,CHA,NOP,107,112,2023-12-15,0
22300327,PHI,DET,124,92,2023-12-15,1
22300328,WAS,IND,137,123,2023-12-15,1
22300329,BOS,ORL,128,111,2023-12-15,1
22300330,TOR,ATL,104,125,2023-12-15,0
22300331,SAS,LAL,129,115,2023-12-15,1
22300332,MEM,HOU,96,103,2023-12-15,0
22300333,PHX,NYK,122,139,2023-12-15,0
22300334,MIL,DET,146,114,2023-12-16,1
22300335,CHA,PHI,82,135,2023-12-16,0
22300336,CLE,ATL,127,119,2023-12-16,1
22300337,MIA,CHI,118,116,2023-12-16,1
22300338,MIN,IND,127,109,2023-12-16,1
22300339,GSW,BKN,124,120,2023-12-16,1
22300340,DEN,OKC,117,118,2023-12-16,0
22300341,POR,DAL,120,131,2023-12-16,0
22300342,SAC,UTA,125,104,2023-12-16,1
22300343,LAC,NYK,144,122,2023-12-16,1
22300344,BOS,ORL,114,97,2023-12-17,1
22300345,SAS,NOP,110,146,2023-12-17,0
22300346,MIL,HOU,128,119,2023-12-17,1
22300347,PHX,WAS,112,108,2023-12-17,1
22300348,POR,GSW,114,118,2023-12-17,0
22300349,CLE,HOU,135,130,2023-12-18,1
22300350,IND,LAC,127,151,2023-12-18,0
22300351,PHI,CHI,104,108,2023-12-18,0
22300352,ATL,DET,130,124,2023-12-18,1
22300353,MIA,MIN,108,112,2023-12-18,0
22300354,TOR,CHA,114,99,2023-12-18,1
22300355,OKC,MEM,116,97,2023-12-18,1
22300356,DEN,DAL,130,104,2023-12-18,1
22300357,UTA,BKN,125,108,2023-12-18,1
22300358,SAC,WAS,143,131,2023-12-18,1
22300359,LAL,NYK,109,114,2023-12-18,0
22300360,NOP,MEM,113,115,2023-12-19,0
22300361,MIL,SAS,132,119,2023-12-19,1
22300362,GSW,BOS,132,126,2023-12-19,1
22300363,POR,PHX,109,104,2023-12-19,1
22300364,CLE,UTA,124,116,2023-12-20,1
22300365,IND,CHA,144,113,2023-12-20,1
22300366,ORL,MIA,106,115,2023-12-20,0
22300367,PHI,MIN,127,113,2023-12-20,1
22300368,BKN,NYK,102,121,2023-12-20,0
22300369,TOR,DEN,104,113,2023-12-20,0
22300370,CHI,LAL,124,108,2023-12-20,1
22300371,HOU,ATL,127,134,2023-12-20,0
22300372,DAL,LAC,111,120,2023-12-20,0
22300373,SAC,BOS,119,144,2023-12-20,0
22300374,DET,UTA,111,119,2023-12-21,0
22300375,CLE,NOP,104,123,2023-12-21,0
22300376,CHI,SAS,114,95,2023-12-21,1
22300377,MEM,IND,116,103,2023-12-21,1
22300378,MIL,ORL,118,114,2023-12-21,1
22300379,OKC,LAC,134,115,2023-12-21,1
22300380,MIN,LAL,118,111,2023-12-21,1
22300381,POR,WAS,117,118,2023-12-21,0
22300382,PHI,TOR,121,111,2023-12-22,1
22300383,BKN,DEN,117,122,2023-12-22,0
22300384,MIA,ATL,122,113,2023-12-22,1
22300385,HOU,DAL,122,96,2023-12-22,1
22300386,GSW,WAS,129,118,2023-12-22,1
22300387,SAC,PHX,120,105,2023-12-22,1
22300388,NYK,MIL,111,130,2023-12-23,0
22300389,LAC,BOS,108,145,2023-12-23,0
22300390,CHA,DEN,95,102,2023-12-23,0
22300391,IND,ORL,110,117,2023-12-23,0
22300392,NOP,HOU,104,106,2023-12-23,0
22300393,ATL,MEM,119,125,2023-12-23,0
22300394,BKN,DET,126,115,2023-12-23,1
22300395,TOR,UTA,119,126,2023-12-23,0
22300396,CHI,CLE,95,109,2023-12-23,0
22300397,OKC,LAL,120,129,2023-12-23,0
22300398,DAL,SAS,144,119,2023-12-23,1
22300399,GSW,POR,126,106,2023-12-23,1
22300400,SAC,MIN,98,110,2023-12-23,0
22300401,NYK,MIL,129,122,2023-12-25,1
22300402,DEN,GSW,120,114,2023-12-25,1
22300403,LAL,BOS,115,126,2023-12-25,0
22300404,MIA,PHI,119,113,2023-12-25,1
22300405,PHX,DAL,114,128,2023-12-25,0
22300406,DET,BKN,112,118,2023-12-26,0
22300407,WAS,ORL,119,127,2023-12-26,0
22300408,CHI,ATL,118,113,2023-12-26,1
22300409,HOU,IND,117,123,2023-12-26,0
22300410,NOP,MEM,115,116,2023-12-26,0
22300411,OKC,MIN,129,106,2023-12-26,1
22300412,SAS,UTA,118,130,2023-12-26,0
22300413,POR,SAC,130,113,2023-12-26,1
22300414,LAC,CHA,113,104,2023-12-26,1
22300415,ORL,PHI,92,112,2023-12-27,0
22300416,WAS,TOR,102,132,2023-12-27,0
22300417,BKN,MIL,122,144,2023-12-27,0
22300418,HOU,PHX,113,129,2023-12-27,0
22300419,OKC,NYK,129,120,2023-12-27,1
22300420,DAL,CLE,110,113,2023-12-27,0
22300421,BOS,DET,128,122,2023-12-28,1
22300422,CHI,IND,104,120,2023-12-28,0
22300423,MIN,DAL,118,110,2023-12-28,1
22300424,NOP,UTA,112,105,2023-12-28,1
22300425,DEN,MEM,142,105,2023-12-28,1
22300426,GSW,MIA,102,114,2023-12-28,0
22300427,POR,SAS,105,118,2023-12-28,0
22300428,LAL,CHA,133,112,2023-12-28,1
22300429,ORL,NYK,117,108,2023-12-29,1
22300430,WAS,BKN,110,104,2023-12-29,1
22300431,ATL,SAC,110,117,2023-12-29,0
22300432,BOS,TOR,120,118,2023-12-29,1
22300433,CLE,MIL,111,119,2023-12-29,0
22300434,HOU,PHI,127,131,2023-12-29,0
22300435,DEN,OKC,93,119,2023-12-29,0
22300436,PHX,CHA,133,119,2023-12-29,1
22300437,POR,SAS,134,128,2023-12-29,1
22300438,LAC,MEM,117,106,2023-12-29,1
22300439,UTA,MIA,117,109,2023-12-30,1
22300440,DET,TOR,129,127,2023-12-30,1
22300441,IND,NYK,140,126,2023-12-30,1
22300442,CHI,PHI,105,92,2023-12-30,1
22300443,MIN,LAL,108,106,2023-12-30,1
22300444,GSW,DAL,122,132,2023-12-30,0
22300445,WAS,ATL,126,130,2023-12-31,0
22300446,NOP,LAL,129,109,2023-12-31,1
22300447,OKC,BKN,124,108,2023-12-31,1
22300448,SAS,BOS,101,134,2023-12-31,0
22300449,MEM,SAC,92,123,2023-12-31,0
22300450,PHX,ORL,112,107,2023-12-31,1
22300451,NYK,MIN,112,106,2024-01-01,1
22300452,TOR,CLE,124,121,2024-01-01,1
22300453,HOU,DET,136,113,2024-01-01,1
22300454,MIL,IND,113,122,2024-01-01,0
22300455,DEN,CHA,111,93,2024-01-01,1
22300456,PHX,POR,109,88,2024-01-01,1
22300457,UTA,DAL,127,90,2024-01-01,1
22300458,LAC,MIA,121,104,2024-01-01,1
22300459,PHI,CHI,110,97,2024-01-02,1
22300460,MEM,SAS,106,98,2024-01-02,1
22300461,NOP,BKN,112,85,2024-01-02,1
22300462,OKC,BOS,127,123,2024-01-02,1
22300463,GSW,ORL,121,115,2024-01-02,1
22300464,SAC,CHA,104,111,2024-01-02,0
22300465,CLE,WAS,140,101,2024-01-03,1
22300466,IND,MIL,142,130,2024-01-03,1
22300467,ATL,OKC,141,138,2024-01-03,1
22300468,NYK,CHI,116,100,2024-01-03,1
22300469,HOU,BKN,112,101,2024-01-03,1
22300470,MEM,TOR,111,116,2024-01-03,0
22300471,MIN,NOP,106,117,2024-01-03,0
22300472,DAL,POR,126,97,2024-01-03,1
22300473,PHX,LAC,122,131,2024-01-03,0
22300474,UTA,DET,154,148,2024-01-03,1
22300475,LAL,MIA,96,110,2024-01-03,0
22300476,SAC,ORL,138,135,2024-01-03,1
22300477,SAS,MIL,121,125,2024-01-04,0
22300478,GSW,DEN,127,130,2024-01-04,0
22300479,BOS,UTA,126,97,2024-01-05,1
22300480,IND,ATL,150,116,2024-01-05,1
22300481,BKN,OKC,124,115,2024-01-05,1
22300482,CLE,WAS,114,90,2024-01-05,1
22300483,PHI,NYK,92,128,2024-01-05,0
22300484,CHI,CHA,104,91,2024-01-05,1
22300485,HOU,MIN,95,122,2024-01-05,0
22300486,NOP,LAC,95,111,2024-01-05,0
22300487,DAL,POR,139,103,2024-01-05,1
22300488,DEN,ORL,120,122,2024-01-05,0
22300489,PHX,MIA,113,97,2024-01-05,1
22300490,GSW,DET,113,109,2024-01-05,1
22300491,LAL,MEM,113,127,2024-01-05,0
22300492,SAC,TOR,135,130,2024-01-05,1
22300493,IND,BOS,101,118,2024-01-06,0
22300494,WAS,NYK,105,121,2024-01-06,0
22300495,PHI,UTA,109,120,2024-01-06,0
22300496,HOU,MIL,112,108,2024-01-06,1
22300497,CLE,SAS,117,115,2024-01-07,1
22300498,BKN,POR,127,134,2024-01-07,0
22300499,ORL,ATL,117,110,2024-01-07,1
22300500,SAC,NOP,100,133,2024-01-07,0
22300501,DAL,MIN,115,108,2024-01-07,1
22300502,DEN,DET,131,114,2024-01-07,1
22300503,PHX,MEM,115,121,2024-01-07,0
22300504,GSW,TOR,118,133,2024-01-07,0
22300505,LAL,LAC,106,103,2024-01-07,1
22300506,CHA,CHI,112,119,2024-01-08,0
22300507,IND,BOS,133,131,2024-01-08,1
22300508,WAS,OKC,128,136,2024-01-08,0
22300509,MIA,HOU,120,113,2024-01-08,1
22300510,MIL,UTA,116,132,2024-01-08,0
22300511,LAC,PHX,138,111,2024-01-08,1
22300512,DET,SAC,110,131,2024-01-09,0
22300513,ORL,MIN,92,113,2024-01-09,0
22300514,NYK,POR,112,84,2024-01-09,1
22300515,DAL,MEM,103,120,2024-01-09,0
22300516,LAL,TOR,132,131,2024-01-09,1
22300517,BOS,MIN,127,120,2024-01-10,1
22300518,CHA,SAC,98,123,2024-01-10,0
22300519,DET,SAS,108,130,2024-01-10,0
22300520,IND,WAS,112,104,2024-01-10,1
22300521,ATL,PHI,139,132,2024-01-10,1
22300522,MIA,OKC,120,128,2024-01-10,0
22300523,CHI,HOU,124,119,2024-01-10,1
22300524,UTA,DEN,124,111,2024-01-10,1
22300525,GSW,NOP,105,141,2024-01-10,0
22300526,LAC,TOR,126,120,2024-01-10,1
22300527,CLE,BKN,111,102,2024-01-11,1
22300528,MIL,BOS,135,102,2024-01-11,1
22300529,OKC,POR,139,77,2024-01-11,1
22300530,DAL,NYK,128,124,2024-01-11,1
22300531,LAL,PHX,109,127,2024-01-11,0
22300532,PHI,SAC,112,93,2024-01-12,1
22300533,ATL,IND,108,126,2024-01-12,0
22300534,DET,HOU,110,112,2024-01-12,0
22300535,MIA,ORL,99,96,2024-01-12,1
22300536,CHI,GSW,131,140,2024-01-12,0
22300537,MEM,LAC,119,128,2024-01-12,0
22300538,MIN,POR,116,93,2024-01-12,1
22300539,DEN,NOP,125,113,2024-01-12,1
22300540,UTA,TOR,145,113,2024-01-12,1
22300541,SAS,CHA,135,99,2024-01-12,1
22300542,BOS,HOU,145,113,2024-01-13,1
22300543,ATL,WAS,99,127,2024-01-13,0
22300544,MEM,NYK,94,106,2024-01-13,0
22300545,MIL,GSW,129,118,2024-01-13,1
22300546,OKC,ORL,112,100,2024-01-13,1
22300547,DAL,NOP,108,118,2024-01-13,0
22300548,SAS,CHI,116,122,2024-01-13,0
22300549,UTA,LAL,132,125,2024-01-13,1
22300550,DEN,IND,117,109,2024-01-14,1
22300551,MIA,CHA,104,87,2024-01-14,1
22300552,MIL,SAC,143,142,2024-01-14,1
22300553,MIN,LAC,109,105,2024-01-14,1
22300554,POR,PHX,116,127,2024-01-14,0
22300555,PHI,HOU,124,115,2024-01-15,1
22300556,DAL,NOP,125,120,2024-01-15,1
22300557,NYK,ORL,94,98,2024-01-15,0
22300558,WAS,DET,117,129,2024-01-15,0
22300559,ATL,SAS,109,99,2024-01-15,1
22300560,MEM,GSW,116,107,2024-01-15,1
22300561,CLE,CHI,109,91,2024-01-15,1
22300562,BKN,MIA,95,96,2024-01-15,0
22300563,TOR,BOS,96,105,2024-01-15,0
22300564,UTA,IND,132,105,2024-01-15,1
22300565,LAL,OKC,112,105,2024-01-15,1
22300566,PHI,DEN,126,121,2024-01-16,1
22300567,PHX,SAC,119,117,2024-01-16,1
22300568,LAC,OKC,128,117,2024-01-16,1
22300569,DET,MIN,117,124,2024-01-17,0
22300570,ATL,ORL,106,104,2024-01-17,1
22300571,BOS,SAS,117,98,2024-01-17,1
22300572,CLE,MIL,135,95,2024-01-17,1
22300573,NYK,HOU,109,94,2024-01-17,1
22300574,TOR,MIA,121,97,2024-01-17,1
22300575,NOP,CHA,132,112,2024-01-17,1
22300577,LAL,DAL,127,110,2024-01-17,1
22300578,POR,BKN,105,103,2024-01-17,1
22300579,NYK,WAS,113,109,2024-01-18,1
22300580,TOR,CHI,110,116,2024-01-18,0
22300581,UTA,OKC,129,134,2024-01-18,0
22300582,MIN,MEM,118,103,2024-01-18,1
22300583,SAC,IND,121,126,2024-01-18,0
22300584,CHA,SAS,124,120,2024-01-19,1
22300585,ORL,PHI,109,124,2024-01-19,0
22300586,BOS,DEN,100,102,2024-01-19,0
22300587,MIA,ATL,108,109,2024-01-19,0
22300588,NOP,PHX,109,123,2024-01-19,0
22300590,POR,IND,118,115,2024-01-19,1
22300591,LAL,BKN,112,130,2024-01-19,0
22300592,DET,MIL,135,141,2024-01-20,0
22300593,CHA,PHI,89,97,2024-01-20,0
22300594,WAS,SAS,127,131,2024-01-20,0
22300595,ATL,CLE,95,116,2024-01-20,0
22300596,NYK,TOR,126,100,2024-01-20,1
22300597,CHI,MEM,125,96,2024-01-20,1
22300598,HOU,UTA,127,126,2024-01-20,1
22300599,MIN,OKC,97,102,2024-01-20,0
22300600,LAC,BKN,125,114,2024-01-21,1
22300601,ORL,MIA,105,87,2024-01-21,1
22300602,WAS,DEN,104,113,2024-01-21,0
22300603,HOU,BOS,107,116,2024-01-21,0
22300604,PHX,IND,117,110,2024-01-21,1
22300605,LAL,POR,134,110,2024-01-21,1
22300606,DET,MIL,113,122,2024-01-22,0
22300607,ORL,CLE,99,126,2024-01-22,0
22300608,PHI,SAS,133,123,2024-01-22,1
22300609,TOR,MEM,100,108,2024-01-22,0
22300610,MIN,CHA,125,128,2024-01-22,0
22300611,DAL,BOS,110,119,2024-01-22,0
22300612,PHX,CHI,115,113,2024-01-22,1
22300613,SAC,ATL,122,107,2024-01-22,1
22300614,IND,DEN,109,114,2024-01-23,0
22300615,BKN,NYK,103,108,2024-01-23,0
22300616,NOP,UTA,153,124,2024-01-23,1
22300617,OKC,POR,111,109,2024-01-23,1
22300618,LAC,LAL,127,116,2024-01-23,1
22300619,DET,CHA,113,106,2024-01-24,1
22300620,WAS,MIN,107,118,2024-01-24,0
22300621,MIA,MEM,96,105,2024-01-24,0
22300622,SAS,OKC,114,140,2024-01-24,0
22300623,HOU,POR,131,137,2024-01-24,0
22300624,MIL,CLE,126,116,2024-01-24,1
22300625,DAL,PHX,109,132,2024-01-24,0
22300626,GSW,ATL,134,112,2024-01-24,1
22300627,IND,PHI,134,122,2024-01-25,1
22300628,WAS,UTA,108,123,2024-01-25,0
22300629,BKN,MIN,94,96,2024-01-25,0
22300630,MIA,BOS,110,143,2024-01-25,0
22300631,NYK,DEN,122,84,2024-01-25,1
22300632,GSW,SAC,133,134,2024-01-25,0
22300633,LAL,CHI,141,132,2024-01-25,1
22300634,ATL,DAL,143,148,2024-01-26,0
22300635,CHA,HOU,104,138,2024-01-26,0
22300636,IND,PHX,133,131,2024-01-26,1
22300637,TOR,LAC,107,127,2024-01-26,0
22300638,MEM,ORL,107,106,2024-01-26,1
22300639,MIL,CLE,100,112,2024-01-26,0
22300640,NOP,OKC,83,107,2024-01-26,0
22300641,SAS,POR,116,100,2024-01-26,1
22300642,DET,WAS,104,118,2024-01-27,0
22300643,NYK,MIA,125,109,2024-01-27,1
22300644,DEN,PHI,111,105,2024-01-27,1
22300645,BKN,HOU,106,104,2024-01-27,1
22300646,BOS,LAC,96,115,2024-01-27,0
22300647,CHA,UTA,122,134,2024-01-27,0
22300648,MIL,NOP,141,117,2024-01-27,1
22300649,SAS,MIN,113,112,2024-01-27,1
22300650,GSW,LAL,144,145,2024-01-27,0
22300651,DAL,SAC,115,120,2024-01-27,0
22300652,IND,MEM,116,110,2024-01-28,1
22300653,ATL,TOR,126,125,2024-01-28,1
22300654,DET,OKC,120,104,2024-01-28,1
22300655,ORL,PHX,113,98,2024-01-28,1
22300656,POR,CHI,96,104,2024-01-28,0
22300657,CHA,NYK,92,113,2024-01-29,0
22300658,CLE,LAC,118,108,2024-01-29,1
22300659,BOS,NOP,118,112,2024-01-29,1
22300660,BKN,UTA,147,114,2024-01-29,1
22300661,MIA,PHX,105,118,2024-01-29,0
22300662,HOU,LAL,135,119,2024-01-29,1
22300663,MEM,SAC,94,103,2024-01-29,0
22300664,OKC,MIN,101,107,2024-01-29,0
22300665,SAS,WAS,113,118,2024-01-29,0
22300666,DAL,ORL,131,129,2024-01-29,1
22300667,DEN,MIL,113,107,2024-01-29,1
22300668,POR,PHI,130,104,2024-01-29,1
22300669,ATL,LAL,138,122,2024-01-30,1
22300670,BOS,IND,129,124,2024-01-30,1
22300671,NYK,UTA,118,103,2024-01-30,1
22300672,CHI,TOR,107,118,2024-01-30,0
22300673,GSW,PHI,119,107,2024-01-30,1
22300674,CHA,CHI,110,117,2024-01-31,0
22300675,CLE,DET,128,121,2024-01-31,1
22300676,WAS,LAC,109,125,2024-01-31,0
22300677,BKN,PHX,120,136,2024-01-31,0
22300678,MIA,SAC,115,106,2024-01-31,1
22300679,HOU,NOP,99,110,2024-01-31,0
22300680,MIN,DAL,121,87,2024-01-31,1
22300681,SAS,ORL,98,108,2024-01-31,0
22300682,OKC,DEN,105,100,2024-01-31,1
22300683,POR,MIL,119,116,2024-01-31,1
22300684,BOS,LAL,105,114,2024-02-01,0
22300685,NYK,IND,109,105,2024-02-01,1
22300686,UTA,PHI,124,127,2024-02-01,0
22300687,MEM,CLE,101,108,2024-02-01,0
22300688,DET,LAC,125,136,2024-02-02,0
22300689,WAS,MIA,102,110,2024-02-02,0
22300690,ATL,PHX,129,120,2024-02-02,1
22300691,IND,SAC,122,133,2024-02-02,0
22300692,HOU,TOR,135,106,2024-02-02,1
22300693,MEM,GSW,101,121,2024-02-02,0
22300694,MIN,ORL,106,108,2024-02-02,0
22300695,OKC,CHA,126,106,2024-02-02,1
22300696,SAS,NOP,113,114,2024-02-02,0
22300697,DEN,POR,120,108,2024-02-02,1
22300698,PHI,BKN,121,136,2024-02-03,0
22300699,ATL,GSW,141,134,2024-02-03,1
22300700,CHI,SAC,115,123,2024-02-03,0
22300701,NYK,LAL,105,113,2024-02-03,0
22300702,DAL,MIL,117,129,2024-02-03,0
22300703,SAS,CLE,101,117,2024-02-03,0
22300704,DET,ORL,99,111,2024-02-04,0
22300705,WAS,PHX,112,140,2024-02-04,0
22300706,BOS,MEM,131,91,2024-02-04,1
22300707,CHA,IND,99,115,2024-02-04,0
22300708,MIA,LAC,95,103,2024-02-04,0
22300709,MIN,HOU,111,90,2024-02-04,1
22300710,OKC,TOR,135,127,2024-02-04,1
22300711,UTA,MIL,123,108,2024-02-04,1
22300712,DEN,POR,112,103,2024-02-04,1
22300713,CHA,LAL,118,124,2024-02-05,0
22300714,CLE,SAC,136,110,2024-02-05,1
22300715,PHI,DAL,102,118,2024-02-05,0
22300716,ATL,LAC,144,149,2024-02-05,0
22300717,BKN,GSW,98,109,2024-02-05,0
22300718,NOP,TOR,138,100,2024-02-05,1
22300719,IND,HOU,132,129,2024-02-06,1
22300720,BKN,DAL,107,119,2024-02-06,0
22300721,MIA,ORL,121,95,2024-02-06,1
22300722,NYK,MEM,123,113,2024-02-06,1
22300723,CHI,MIN,129,123,2024-02-06,1
22300724,UTA,OKC,124,117,2024-02-06,1
22300725,PHX,MIL,114,106,2024-02-06,1
22300726,CHA,TOR,117,123,2024-02-07,0
22300727,PHI,GSW,104,127,2024-02-07,0
22300728,WAS,CLE,106,114,2024-02-07,0
22300729,BOS,ATL,125,117,2024-02-07,1
22300730,MIA,SAS,116,104,2024-02-07,1
22300731,LAC,NOP,106,117,2024-02-07,0
22300732,SAC,DET,120,133,2024-02-07,0
22300733,IND,GSW,109,131,2024-02-08,0
22300734,ORL,SAS,127,111,2024-02-08,1
22300735,BKN,CLE,95,118,2024-02-08,0
22300736,NYK,DAL,108,122,2024-02-08,0
22300737,MEM,CHI,110,118,2024-02-08,0
22300738,MIL,MIN,105,129,2024-02-08,0
22300739,PHX,UTA,129,115,2024-02-08,1
22300740,LAL,DEN,106,114,2024-02-08,0
22300741,POR,DET,122,128,2024-02-08,0
22300742,PHI,ATL,121,127,2024-02-09,0
22300743,BOS,WAS,133,129,2024-02-09,1
22300744,TOR,HOU,107,104,2024-02-09,1
22300745,MIL,CHA,120,84,2024-02-09,1
22300746,SAC,DEN,135,106,2024-02-09,1
22300747,LAL,NOP,139,122,2024-02-09,1
22300748,DAL,OKC,146,111,2024-02-10,1
22300749,LAC,DET,112,106,2024-02-10,1
22300750,BKN,SAS,123,103,2024-02-10,1
22300751,CHA,MEM,115,106,2024-02-10,1
22300752,ORL,CHI,114,108,2024-02-10,1
22300753,WAS,PHI,113,119,2024-02-10,0
22300754,ATL,HOU,122,113,2024-02-10,1
22300755,NYK,IND,111,125,2024-02-10,0
22300756,TOR,CLE,95,119,2024-02-10,0
22300757,GSW,PHX,113,112,2024-02-10,1
22300758,POR,NOP,84,93,2024-02-10,0
22300759,MIA,BOS,106,110,2024-02-11,0
22300760,OKC,SAC,127,113,2024-02-11,1
22300761,CHA,IND,111,102,2024-02-12,1
22300762,CLE,PHI,121,123,2024-02-12,0
22300763,ATL,CHI,126,136,2024-02-12,0
22300764,TOR,SAS,99,122,2024-02-12,0
22300765,HOU,NYK,105,103,2024-02-12,1
22300766,MEM,NOP,87,96,2024-02-12,0
22300767,MIL,DEN,112,95,2024-02-12,1
22300768,DAL,WAS,112,104,2024-02-12,1
22300769,UTA,GSW,107,129,2024-02-12,0
22300770,LAC,MIN,100,121,2024-02-12,0
22300771,BKN,BOS,110,118,2024-02-13,0
22300772,ORL,OKC,113,127,2024-02-13,0
22300773,MIL,MIA,97,123,2024-02-13,0
22300774,PHX,SAC,130,125,2024-02-13,1
22300775,POR,MIN,109,121,2024-02-13,0
22300776,LAL,DET,125,111,2024-02-13,1
22300777,CHA,ATL,122,99,2024-02-14,1
22300778,ORL,NYK,118,100,2024-02-14,1
22300779,PHI,MIA,104,109,2024-02-14,0
22300780,BOS,BKN,136,86,2024-02-14,1
22300781,CLE,CHI,108,105,2024-02-14,1
22300782,TOR,IND,125,127,2024-02-14,0
22300783,MEM,HOU,121,113,2024-02-14,1
22300784,NOP,WAS,133,126,2024-02-14,1
22300785,DAL,SAS,116,93,2024-02-14,1
22300786,DEN,SAC,98,102,2024-02-14,0
22300787,PHX,DET,116,100,2024-02-14,1
22300788,UTA,LAL,122,138,2024-02-14,0
22300789,GSW,LAC,125,130,2024-02-14,0
22300576,UTA,GSW,137,140,2024-02-15,0
22300790,MEM,MIL,113,110,2024-02-15,1
22300791,POR,MIN,91,128,2024-02-15,0
22300792,CLE,ORL,109,116,2024-02-22,0
22300793,IND,DET,129,115,2024-02-22,1
22300794,PHI,NYK,96,110,2024-02-22,0
22300795,TOR,BKN,121,93,2024-02-22,1
22300796,DAL,PHX,123,113,2024-02-22,1
22300797,CHI,BOS,112,129,2024-02-22,0
22300798,NOP,HOU,127,105,2024-02-22,1
22300799,OKC,LAC,129,107,2024-02-22,1
22300800,DEN,WAS,130,110,2024-02-22,1
22300801,UTA,CHA,107,115,2024-02-22,0
22300802,GSW,LAL,128,110,2024-02-22,1
22300803,SAC,SAS,127,122,2024-02-22,1
22300804,ATL,TOR,121,123,2024-02-23,0
22300805,PHI,CLE,104,97,2024-02-23,1
22300806,HOU,PHX,114,110,2024-02-23,1
22300807,MEM,LAC,95,101,2024-02-23,0
22300808,MIN,MIL,107,112,2024-02-23,0
22300809,OKC,WAS,147,106,2024-02-23,1
22300810,NOP,MIA,95,106,2024-02-23,0
22300811,GSW,CHA,97,84,2024-02-23,1
22300812,POR,DEN,112,127,2024-02-23,0
22300813,LAL,SAS,123,118,2024-02-23,1
22300814,DET,ORL,109,112,2024-02-24,0
22300815,MIN,BKN,101,86,2024-02-24,1
22300816,NYK,BOS,102,116,2024-02-24,0
22300817,PHI,MIL,98,119,2024-02-25,0
22300818,PHX,LAL,123,113,2024-02-25,1
22300819,IND,DAL,133,111,2024-02-25,1
22300820,WAS,CLE,105,114,2024-02-25,0
22300821,ATL,ORL,109,92,2024-02-25,1
22300822,HOU,OKC,110,123,2024-02-25,0
22300823,NOP,CHI,106,114,2024-02-25,0
22300824,GSW,DEN,103,119,2024-02-25,0
22300825,UTA,SAS,128,109,2024-02-25,1
22300826,POR,CHA,80,93,2024-02-25,0
22300827,LAC,SAC,107,123,2024-02-25,0
22300828,NYK,DET,113,111,2024-02-26,1
22300829,IND,TOR,122,130,2024-02-26,0
22300830,MEM,BKN,86,111,2024-02-26,0
22300831,SAC,MIA,110,121,2024-02-26,0
22300832,CLE,DAL,121,119,2024-02-27,1
22300833,ORL,BKN,108,81,2024-02-27,1
22300834,WAS,GSW,112,123,2024-02-27,0
22300835,ATL,UTA,124,97,2024-02-27,1
22300836,BOS,PHI,117,99,2024-02-27,1
22300837,NYK,NOP,92,115,2024-02-27,0
22300838,MIN,SAS,114,105,2024-02-27,1
22300839,CHI,DET,95,105,2024-02-27,0
22300840,MIL,CHA,123,85,2024-02-27,1
22300841,OKC,HOU,112,95,2024-02-27,1
22300842,POR,MIA,96,106,2024-02-27,0
22300843,IND,NOP,123,114,2024-02-28,1
22300844,TOR,DAL,125,136,2024-02-28,0
22300845,MIN,MEM,110,101,2024-02-28,1
22300846,CHI,CLE,132,123,2024-02-28,1
22300847,DEN,SAC,117,96,2024-02-28,1
22300848,LAC,LAL,112,116,2024-02-28,0
22300849,CHA,MIL,99,111,2024-02-29,0
22300850,ORL,UTA,115,107,2024-02-29,1
22300851,BKN,ATL,124,97,2024-02-29,1
22300852,NYK,GSW,99,110,2024-02-29,0
22300853,SAS,OKC,132,118,2024-02-29,1
22300854,PHX,HOU,110,105,2024-02-29,1
22300855,DEN,MIA,103,97,2024-02-29,1
22300856,LAL,WAS,134,131,2024-02-29,1
22300857,DET,CLE,100,110,2024-03-01,0
22300858,PHI,CHA,121,114,2024-03-01,1
22300859,BOS,DAL,138,110,2024-03-01,1
22300860,TOR,GSW,105,120,2024-03-01,0
22300861,MEM,POR,92,122,2024-03-01,0
22300862,MIN,SAC,120,124,2024-03-01,0
22300863,NOP,IND,129,102,2024-03-01,1
22300864,CHI,MIL,97,113,2024-03-01,0
22300865,LAC,WAS,140,115,2024-03-01,1
22300866,BKN,ATL,114,102,2024-03-02,1
22300867,MIA,UTA,126,120,2024-03-02,1
22300868,MEM,POR,100,107,2024-03-02,0
22300869,LAL,DEN,114,124,2024-03-02,0
22300870,PHX,HOU,109,118,2024-03-02,0
22300871,DAL,PHI,116,120,2024-03-03,0
22300872,BOS,GSW,140,88,2024-03-03,1
22300873,MIN,LAC,88,89,2024-03-03,0
22300874,ORL,DET,113,91,2024-03-03,1
22300875,TOR,CHA,111,106,2024-03-03,1
22300876,CLE,NYK,98,107,2024-03-03,0
22300877,SAS,IND,117,105,2024-03-03,1
22300878,PHX,OKC,110,118,2024-03-03,0
22300879,BKN,MEM,102,106,2024-03-04,0
22300880,MIL,LAC,113,106,2024-03-04,1
22300881,MIN,POR,119,114,2024-03-04,1
22300882,UTA,WAS,127,115,2024-03-04,1
22300883,SAC,CHI,109,113,2024-03-04,0
22300884,LAL,OKC,116,104,2024-03-04,1
22300885,CHA,ORL,89,101,2024-03-05,0
22300886,CLE,BOS,105,104,2024-03-05,1
22300887,BKN,PHI,112,107,2024-03-05,1
22300888,MIA,DET,118,110,2024-03-05,1
22300889,NYK,ATL,100,116,2024-03-05,0
22300890,TOR,NOP,98,139,2024-03-05,0
22300891,HOU,SAS,114,101,2024-03-05,1
22300892,DAL,IND,120,137,2024-03-05,0
22300893,DEN,PHX,107,117,2024-03-05,0
22300894,WAS,ORL,109,119,2024-03-06,0
22300895,ATL,CLE,112,101,2024-03-06,1
22300896,PHI,MEM,109,115,2024-03-06,0
22300897,HOU,LAC,116,122,2024-03-06,0
22300898,UTA,CHI,117,119,2024-03-06,0
22300899,GSW,MIL,125,90,2024-03-06,1
22300900,POR,OKC,120,128,2024-03-06,0
22300901,LAL,SAC,120,130,2024-03-06,0
22300902,DET,BKN,118,112,2024-03-07,1
22300903,IND,MIN,111,113,2024-03-07,0
22300904,DAL,MIA,114,108,2024-03-07,1
22300905,PHX,TOR,120,113,2024-03-07,1
22300906,DEN,BOS,115,109,2024-03-07,1
22300907,GSW,CHI,122,125,2024-03-07,0
22300908,SAC,SAS,131,129,2024-03-07,1
22300909,PHI,NOP,95,103,2024-03-08,0
22300910,WAS,CHA,112,100,2024-03-08,1
22300911,CLE,MIN,113,104,2024-03-08,1
22300912,NYK,ORL,98,74,2024-03-08,1
22300913,MEM,ATL,92,99,2024-03-08,0
22300914,OKC,MIA,107,100,2024-03-08,1
22300915,LAL,MIL,123,122,2024-03-08,1
22300916,POR,HOU,107,123,2024-03-08,0
22300917,LAC,CHI,112,102,2024-03-09,1
22300918,CHA,BKN,110,99,2024-03-09,1
22300919,DET,DAL,124,142,2024-03-09,0
22300920,PHX,BOS,107,117,2024-03-09,0
22300921,GSW,SAS,113,126,2024-03-09,0
22300922,DEN,UTA,142,121,2024-03-09,1
22300923,POR,TOR,128,118,2024-03-09,1
22300924,LAC,MIL,117,124,2024-03-10,0
22300925,ATL,NOP,103,116,2024-03-10,0
22300926,MIA,WAS,108,110,2024-03-10,0
22300927,NYK,PHI,73,79,2024-03-10,0
22300928,ORL,IND,97,111,2024-03-10,0
22300929,SAC,HOU,104,112,2024-03-10,0
22300930,CLE,BKN,101,120,2024-03-10,0
22300931,OKC,MEM,124,93,2024-03-10,1
22300932,LAL,MIN,120,109,2024-03-10,1
22300933,DET,CHA,114,97,2024-03-11,1
22300934,CLE,PHX,111,117,2024-03-11,0
22300935,CHI,DAL,92,127,2024-03-11,0
22300936,SAS,GSW,102,112,2024-03-11,0
22300937,DEN,TOR,125,119,2024-03-11,1
22300938,POR,BOS,99,121,2024-03-11,0
22300939,NYK,PHI,106,79,2024-03-12,1
22300940,MEM,WAS,109,97,2024-03-12,1
22300941,OKC,IND,111,121,2024-03-12,0
22300942,SAS,HOU,101,103,2024-03-12,0
22300943,UTA,BOS,107,123,2024-03-12,0
22300944,LAC,MIN,100,118,2024-03-12,0
22300945,SAC,MIL,129,94,2024-03-12,1
22300946,DET,TOR,113,104,2024-03-13,1
22300947,ORL,BKN,114,106,2024-03-13,1
22300948,IND,CHI,129,132,2024-03-13,0
22300949,MIA,DEN,88,100,2024-03-13,0
22300950,MEM,CHA,98,110,2024-03-13,0
22300951,NOP,CLE,95,116,2024-03-13,0
22300952,DAL,GSW,109,99,2024-03-13,1
22300953,POR,ATL,106,102,2024-03-13,1
22300954,SAC,LAL,120,107,2024-03-13,1
22300955,BOS,PHX,127,112,2024-03-14,1
22300956,CHI,LAC,111,126,2024-03-14,0
22300957,HOU,WAS,135,119,2024-03-14,1
22300958,MIL,PHI,114,105,2024-03-14,1
22300959,OKC,DAL,126,119,2024-03-14,1
22300960,POR,NYK,93,105,2024-03-14,0
22300961,CHA,PHX,96,107,2024-03-15,0
22300962,DET,MIA,95,108,2024-03-15,0
22300963,TOR,ORL,103,113,2024-03-15,0
22300964,NOP,LAC,112,104,2024-03-15,1
22300965,SAS,DEN,106,117,2024-03-15,0
22300966,UTA,ATL,124,122,2024-03-15,1
22300967,HOU,CLE,117,103,2024-03-16,1
22300968,IND,BKN,121,100,2024-03-16,1
22300969,PHI,CHA,109,98,2024-03-16,1
22300970,NOP,POR,126,107,2024-03-16,1
22300971,CHI,WAS,127,98,2024-03-16,1
22300972,MEM,OKC,112,118,2024-03-16,0
22300973,LAL,GSW,121,128,2024-03-16,0
22300974,UTA,MIN,100,119,2024-03-16,0
22300975,SAC,NYK,91,98,2024-03-16,0
22300976,MIL,PHX,140,129,2024-03-17,1
22300977,DET,MIA,101,104,2024-03-17,0
22300978,DAL,DEN,107,105,2024-03-17,1
22300979,ORL,TOR,111,96,2024-03-17,1
22300980,WAS,BOS,104,130,2024-03-17,0
22300981,SAS,BKN,122,115,2024-03-17,1
22300982,LAC,ATL,93,110,2024-03-17,0
22300983,IND,CLE,103,108,2024-03-18,0
22300984,BOS,DET,119,94,2024-03-18,1
22300985,PHI,MIA,98,91,2024-03-18,1
22300986,CHI,POR,110,107,2024-03-18,1
22300987,UTA,MIN,104,114,2024-03-18,0
22300988,GSW,NYK,112,119,2024-03-18,0
22300989,SAC,MEM,121,111,2024-03-18,1
22300990,LAL,ATL,136,105,2024-03-18,1
22300991,ORL,CHA,112,92,2024-03-19,1
22300992,WAS,HOU,114,137,2024-03-19,0
22300993,BKN,NOP,91,104,2024-03-19,0
22300994,SAS,DAL,107,113,2024-03-19,0
22300995,MIN,DEN,112,115,2024-03-19,0
22300996,CLE,MIA,104,107,2024-03-20,0
22300997,DET,IND,103,122,2024-03-20,0
22300998,BOS,MIL,122,119,2024-03-20,1
22300999,TOR,SAC,89,123,2024-03-20,0
22301000,OKC,UTA,119,107,2024-03-20,1
22301001,GSW,MEM,137,116,2024-03-20,1
22301002,PHX,PHI,115,102,2024-03-20,1
22301003,POR,LAC,103,116,2024-03-20,0
22301004,ORL,NOP,121,106,2024-03-21,1
22301005,WAS,SAC,109,102,2024-03-21,1
22301006,HOU,CHI,127,117,2024-03-21,1
22301007,MIL,BKN,115,108,2024-03-21,1
22301008,DAL,UTA,113,97,2024-03-21,1
22301009,DEN,NYK,113,100,2024-03-21,1
22301010,PHX,ATL,128,115,2024-03-21,1
22301011,DET,BOS,102,129,2024-03-22,0
22301012,TOR,OKC,103,123,2024-03-22,0
22301013,MIA,NOP,88,111,2024-03-22,0
22301014,MIN,CLE,104,91,2024-03-22,1
22301015,SAS,MEM,97,99,2024-03-22,0
22301016,GSW,IND,111,123,2024-03-22,0
22301017,POR,LAC,117,125,2024-03-22,0
22301018,LAL,PHI,101,94,2024-03-22,1
22301019,NYK,BKN,105,93,2024-03-23,1
22301020,ORL,SAC,107,109,2024-03-23,0
22301021,ATL,CHA,132,91,2024-03-23,1
22301022,WAS,TOR,112,109,2024-03-23,1
22301023,CHI,BOS,113,124,2024-03-23,0
22301024,HOU,UTA,147,119,2024-03-23,1
22301025,SAS,PHX,106,131,2024-03-23,0
22301026,POR,DEN,111,114,2024-03-23,0
22301027,DET,NOP,101,114,2024-03-24,0
22301028,LAC,PHI,107,121,2024-03-24,0
22301029,MIA,CLE,121,84,2024-03-24,1
22301030,MIL,OKC,118,93,2024-03-24,1
22301031,MIN,GSW,114,110,2024-03-24,1
22301032,LAL,IND,150,145,2024-03-24,1
22301033,CLE,CHA,115,92,2024-03-25,1
22301034,ATL,BOS,120,118,2024-03-25,1
22301035,NYK,DET,124,99,2024-03-25,1
22301036,TOR,BKN,88,96,2024-03-25,0
22301037,CHI,WAS,105,107,2024-03-25,0
22301038,HOU,POR,110,92,2024-03-25,1
22301039,SAS,PHX,104,102,2024-03-25,1
22301040,DEN,MEM,128,103,2024-03-25,1
22301041,UTA,DAL,105,115,2024-03-25,0
22301042,SAC,PHI,108,96,2024-03-25,1
22301043,LAC,IND,116,133,2024-03-25,0
22301044,MIA,GSW,92,113,2024-03-26,0
22301045,MIL,LAL,124,128,2024-03-26,0
22301046,NOP,OKC,112,119,2024-03-26,0
22301047,SAC,DAL,96,132,2024-03-26,0
22301048,CHA,CLE,118,111,2024-03-27,1
22301049,ORL,GSW,93,101,2024-03-27,0
22301050,WAS,BKN,119,122,2024-03-27,0
22301051,ATL,POR,120,106,2024-03-27,1
22301052,PHI,LAC,107,108,2024-03-27,0
22301053,TOR,NYK,101,145,2024-03-27,0
22301054,CHI,IND,125,99,2024-03-27,1
22301055,MEM,LAL,124,136,2024-03-27,0
22301056,MIN,DET,106,91,2024-03-27,1
22301057,OKC,HOU,126,132,2024-03-27,0
22301058,UTA,SAS,111,118,2024-03-27,0
22301059,DEN,PHX,97,104,2024-03-27,0
22301060,ATL,BOS,123,122,2024-03-28,1
22301061,NOP,MIL,107,100,2024-03-28,1
22301062,CHA,GSW,97,115,2024-03-29,0
22301063,IND,LAL,109,90,2024-03-29,1
22301064,ORL,LAC,97,100,2024-03-29,0
22301065,WAS,DET,87,96,2024-03-29,0
22301066,BKN,CHI,125,108,2024-03-29,1
22301067,CLE,PHI,117,114,2024-03-29,1
22301068,MIA,POR,142,82,2024-03-29,1
22301069,OKC,PHX,128,103,2024-03-29,1
22301070,SAS,NYK,130,126,2024-03-29,1
22301071,DEN,MIN,98,111,2024-03-29,0
22301072,UTA,HOU,100,101,2024-03-29,0
22301073,SAC,DAL,103,107,2024-03-29,0
22301074,NOP,BOS,92,104,2024-03-30,0
22301075,ORL,MEM,118,88,2024-03-30,1
22301076,ATL,MIL,113,122,2024-03-30,0
22301077,DEN,CLE,130,101,2024-03-31,1
22301078,BKN,LAL,104,116,2024-03-31,0
22301079,CHA,LAC,118,130,2024-03-31,0
22301080,TOR,PHI,120,135,2024-03-31,0
22301081,WAS,MIA,107,119,2024-03-31,0
22301082,NYK,OKC,112,113,2024-03-31,0
22301083,HOU,DAL,107,125,2024-03-31,0
22301084,MIN,CHI,101,109,2024-03-31,0
22301085,SAS,GSW,113,117,2024-03-31,0
22301086,SAC,UTA,127,106,2024-03-31,1
22301087,CHA,BOS,104,118,2024-04-01,0
22301088,DET,MEM,108,110,2024-04-01,0
22301089,IND,BKN,133,111,2024-04-01,1
22301090,ORL,POR,104,103,2024-04-01,1
22301091,CHI,ATL,101,113,2024-04-01,0
22301092,NOP,PHX,111,124,2024-04-01,0
22300589,GSW,DAL,104,100,2024-04-02,1
22301093,PHI,OKC,109,105,2024-04-02,1
22301094,TOR,LAL,111,128,2024-04-02,0
22301095,WAS,MIL,117,113,2024-04-02,1
22301096,MIA,NYK,109,99,2024-04-02,1
22301098,MIN,HOU,113,106,2024-04-02,1
22301099,DEN,SAS,110,105,2024-04-02,1
22301100,UTA,CLE,113,129,2024-04-02,0
22301101,SAC,LAC,109,95,2024-04-02,1
22301102,CHA,POR,86,89,2024-04-03,0
22301103,WAS,LAL,120,125,2024-04-03,0
22301104,ATL,DET,121,113,2024-04-03,1
22301105,BOS,OKC,135,100,2024-04-03,1
22301106,BKN,IND,115,111,2024-04-03,1
22301107,MIL,MEM,101,111,2024-04-03,0
22301108,MIN,TOR,133,85,2024-04-03,1
22301109,NOP,ORL,108,117,2024-04-03,0
22301110,PHX,CLE,122,101,2024-04-03,1
22301111,MIA,PHI,105,109,2024-04-04,0
22301112,NYK,SAC,120,109,2024-04-04,1
22301113,HOU,GSW,110,133,2024-04-04,0
22301114,LAC,DEN,102,100,2024-04-04,1
22301124,DAL,ATL,109,95,2024-04-04,1
22301097,DAL,GSW,108,106,2024-04-05,1
22301115,CHA,ORL,124,115,2024-04-05,1
22301116,IND,OKC,126,112,2024-04-05,1
22301117,WAS,POR,102,108,2024-04-05,0
22301118,BOS,SAC,101,100,2024-04-05,1
22301119,CHI,NYK,108,100,2024-04-05,1
22301120,HOU,MIA,104,119,2024-04-05,0
22301121,MEM,DET,108,90,2024-04-05,1
22301122,MIL,TOR,111,117,2024-04-05,0
22301123,NOP,SAS,109,111,2024-04-05,0
22301125,PHX,MIN,97,87,2024-04-05,1
22301126,LAC,UTA,131,102,2024-04-05,1
22301127,LAL,CLE,116,97,2024-04-06,1
22301128,BKN,DET,113,103,2024-04-06,1
22301129,MEM,PHI,96,116,2024-04-06,0
22301130,DEN,ATL,142,110,2024-04-06,1
22301131,DAL,HOU,147,136,2024-04-07,1
22301132,LAC,CLE,120,118,2024-04-07,1
22301133,IND,MIA,117,115,2024-04-07,1
22301134,BOS,POR,124,107,2024-04-07,1
22301135,CHA,OKC,118,121,2024-04-07,0
22301136,ORL,CHI,113,98,2024-04-07,1
22301137,TOR,WAS,130,122,2024-04-07,1
22301138,PHX,NOP,105,113,2024-04-07,0
22301139,MIL,NYK,109,122,2024-04-07,0
22301140,SAS,PHI,126,133,2024-04-07,0
22301141,BKN,SAC,77,107,2024-04-07,0
22301142,GSW,UTA,118,110,2024-04-07,1
22301143,LAL,MIN,117,127,2024-04-07,0
22301144,CHA,DAL,104,130,2024-04-09,0
22301145,PHI,DET,120,102,2024-04-09,1
22301146,TOR,IND,123,140,2024-04-09,0
22301147,ATL,MIA,111,117,2024-04-09,0
22301148,MIL,BOS,104,91,2024-04-09,1
22301149,CHI,NYK,117,128,2024-04-09,0
22301150,HOU,ORL,118,106,2024-04-09,1
22301151,MEM,SAS,87,102,2024-04-09,0
22301152,MIN,WAS,130,121,2024-04-09,1
22301153,OKC,SAC,112,105,2024-04-09,1
22301154,UTA,DEN,95,111,2024-04-09,0
22301155,LAL,GSW,120,134,2024-04-09,0
22301156,PHX,LAC,92,105,2024-04-09,0
22301157,POR,NOP,100,110,2024-04-09,0
22301158,CLE,MEM,110,98,2024-04-10,1
22301159,ATL,CHA,114,115,2024-04-10,0
22301160,BKN,TOR,106,102,2024-04-10,1
22301161,MIA,DAL,92,111,2024-04-10,0
22301162,MIL,ORL,117,99,2024-04-10,1
22301163,OKC,SAS,127,89,2024-04-10,1
22301164,DEN,MIN,116,107,2024-04-10,1
22301165,LAC,PHX,108,124,2024-04-10,0
22301166,DET,CHI,105,127,2024-04-11,0
22301167,BOS,NYK,109,118,2024-04-11,0
22301168,UTA,HOU,124,121,2024-04-11,1
22301169,POR,GSW,92,100,2024-04-11,0
22301170,SAC,NOP,123,135,2024-04-11,0
22301171,PHI,ORL,125,113,2024-04-12,1
22301172,WAS,CHI,127,129,2024-04-12,0
22301173,BOS,CHA,131,98,2024-04-12,1
22301174,CLE,IND,129,120,2024-04-12,1
22301175,NYK,BKN,111,107,2024-04-12,1
22301176,MIA,TOR,125,103,2024-04-12,1
22301177,MEM,LAL,120,123,2024-04-12,0
22301178,MIN,ATL,109,106,2024-04-12,1
22301179,OKC,MIL,125,107,2024-04-12,1
22301180,SAS,DEN,121,120,2024-04-12,1
22301181,DAL,DET,89,107,2024-04-12,0
22301182,GSW,NOP,109,114,2024-04-12,0
22301183,POR,HOU,107,116,2024-04-12,0
22301184,LAC,UTA,109,110,2024-04-12,0
22301185,SAC,PHX,107,108,2024-04-12,0
22301186,BOS,WAS,132,122,2024-04-14,1
22301187,CLE,CHA,110,120,2024-04-14,0
22301188,IND,ATL,157,115,2024-04-14,1
22301189,MIA,TOR,118,103,2024-04-14,1
22301190,NYK,CHI,120,119,2024-04-14,1
22301191,ORL,MIL,113,88,2024-04-14,1
22301192,PHI,BKN,107,86,2024-04-14,1
22301193,MEM,DEN,111,126,2024-04-14,0
22301194,MIN,PHX,106,125,2024-04-14,0
22301195,NOP,LAL,108,124,2024-04-14,0
22301196,OKC,DAL,135,86,2024-04-14,1
22301197,SAS,DET,123,95,2024-04-14,1
22301198,GSW,UTA,123,116,2024-04-14,1
22301199,LAC,HOU,105,116,2024-04-14,0
22301200,SAC,POR,121,82,2024-04-14,1
