team,betmgm,kalshi,betmgm_as_of,kalshi_as_of
ATL,43.5,45.0,2026-09-23,2026-07-29
BOS,51.5,51.0,2026-09-23,2026-07-29
BKN,24.5,26.2,2026-09-23,2026-07-29
CHA,39.5,38.6,2026-09-23,2026-07-29
CHI,29.5,29.5,2026-09-23,2026-07-29
CLE,47.5,47.1,2026-09-23,2026-07-29
DAL,34.5,37.5,2026-09-23,2026-07-29
DEN,49.5,48.9,2026-09-23,2026-07-29
DET,49.5,51.1,2026-09-23,2026-07-29
GSW,40.5,38.9,2026-09-23,2026-07-29
HOU,47.5,46.8,2026-09-23,2026-07-29
IND,44.5,44.7,2026-09-23,2026-07-29
LAC,30.5,29.7,2026-09-23,2026-07-29
LAL,46.5,47.4,2026-09-23,2026-07-29
MEM,29.5,30.0,2026-09-23,2026-07-29
MIA,46.5,46.4,2026-09-23,2026-07-29
MIL,25.5,27.8,2026-09-23,2026-07-29
MIN,48.5,50.0,2026-09-23,2026-07-29
NOP,27.5,28.4,2026-09-23,2026-07-29
NYK,52.5,51.3,2026-09-23,2026-07-29
OKC,62.5,58.9,2026-09-23,2026-07-29
ORL,43.5,45.3,2026-09-23,2026-07-29
PHI,50.5,51.1,2026-09-23,2026-07-29
PHX,40.5,40.3,2026-09-23,2026-07-29
POR,42.5,40.8,2026-09-23,2026-07-29
SAC,21.5,23.7,2026-09-23,2026-07-29
SAS,59.5,60.8,2026-09-23,2026-07-29
TOR,45.5,44.8,2026-09-23,2026-07-29
UTA,37.5,39.6,2026-09-23,2026-07-29
WAS,34.5,29.6,2026-09-23,2026-07-29
