source,team,states,mean_dV_new,conditional_state_mcse
betmgm,ATL,150,0.0,0.0
betmgm,BKN,150,-0.001137518628747782,0.0009049010113689839
betmgm,BOS,150,0.24839925723679546,0.013673555371301464
betmgm,CHA,150,0.2953605110984439,0.018607558825838356
betmgm,CHI,150,0.009544414103834609,0.012407923625947698
betmgm,CLE,150,0.0,0.0
betmgm,DAL,150,0.12519679075796916,0.011465346429132661
betmgm,DEN,150,0.0,0.0
betmgm,DET,150,0.3011748619582816,0.015192366109301058
betmgm,GSW,150,0.29486534517428675,0.013239831595949493
betmgm,HOU,150,0.24752779504121966,0.010469671583088997
betmgm,IND,150,0.36162574184706264,0.014624920246436125
betmgm,LAC,150,6.287602880658364e-05,8.997539929093741e-05
betmgm,LAL,150,0.0,0.0
betmgm,MEM,150,0.06632121362975685,0.01559885360111823
betmgm,MIA,150,0.16399410492982536,0.010898080775071982
betmgm,MIL,150,0.0,0.0
betmgm,MIN,150,0.0,0.0
betmgm,NOP,150,-0.017286249007936495,0.010145411103690279
betmgm,NYK,150,0.0,0.0
betmgm,OKC,150,0.04387447885808922,0.004791806045074823
betmgm,ORL,150,0.3446421168276757,0.01489638638325667
betmgm,PHI,150,0.2593372468593616,0.013806686690318279
betmgm,PHX,150,0.0,0.0
betmgm,POR,150,0.31308494747337323,0.012638378742362486
betmgm,SAC,150,-0.04000644862005611,0.00562142542863244
betmgm,SAS,150,0.0,0.0
betmgm,TOR,150,0.3466709257255971,0.015373997186303848
betmgm,UTA,150,0.14464637034720412,0.007516893696075274
betmgm,WAS,150,0.14847670965538565,0.014477119757939104
kalshi,ATL,150,0.0,0.0
kalshi,BKN,150,-0.0018556039829511867,0.0008812315932622755
kalshi,BOS,150,0.25921375052104584,0.013539693194290239
kalshi,CHA,150,0.2717171212498989,0.01839949698066382
kalshi,CHI,150,0.0031781158370807225,0.011784559568453923
kalshi,CLE,150,0.0,0.0
kalshi,DAL,150,0.15795913006684478,0.010331681071532789
kalshi,DEN,150,0.0,0.0
kalshi,DET,150,0.26192480366082205,0.014032329080754946
kalshi,GSW,150,0.30716438345657865,0.015097084309588374
kalshi,HOU,150,0.2686848343233883,0.011715506018467929
kalshi,IND,150,0.3638299399570119,0.01365160306205586
kalshi,LAC,150,8.825374779541463e-05,0.00016306442839091615
kalshi,LAL,150,0.0,0.0
kalshi,MEM,150,0.07959891186052627,0.016741621205297118
kalshi,MIA,150,0.16517814765894817,0.010770064298898652
kalshi,MIL,150,0.0,0.0
kalshi,MIN,150,0.0,0.0
kalshi,NOP,150,-0.005169155753968251,0.010267739279846
kalshi,NYK,150,0.0,0.0
kalshi,OKC,150,0.08629495825447206,0.005790138581860468
kalshi,ORL,150,0.3325675699980694,0.013676895181589791
kalshi,PHI,150,0.2509836380744557,0.0125589697390355
kalshi,PHX,150,0.0,0.0
kalshi,POR,150,0.31185124023696154,0.013778488346997535
kalshi,SAC,150,-0.034841328391208064,0.006503935795020694
kalshi,SAS,150,0.0,0.0
kalshi,TOR,150,0.33715137418695007,0.01389497255316595
kalshi,UTA,150,0.16809471970781328,0.007382235912845373
kalshi,WAS,150,0.029464586886890545,0.009666130428166895
