source,team_a,team_b,mean_difference,conditional_paired_mcse
betmgm,IND,TOR,0.014954816121465514,0.019948629431800372
betmgm,TOR,ORL,0.0020288088979214377,0.019255441961105794
betmgm,ORL,POR,0.03155716935430242,0.018706338420517
betmgm,POR,DET,0.011910085515091675,0.020082373116917348
betmgm,DET,CHA,0.005814350859837611,0.021988578082531206
kalshi,IND,TOR,0.026678565770061873,0.0182456849063003
kalshi,TOR,ORL,0.004583804188880632,0.017815248501486105
kalshi,ORL,POR,0.02071632976110794,0.01934019804549187
kalshi,POR,GSW,0.004686856780382837,0.019866094468587354
kalshi,GSW,CHA,0.03544726220667975,0.02269210682577866
