,ws4,ws4,ws4,ws4,ws_car,ws_car,ws_car,ws_car,star,star,star,star
,mean,count,std,smooth,mean,count,std,smooth,mean,count,std,smooth
overall_pick,,,,,,,,,,,,
1,22.342857142857145,28,14.191975525351264,22.342857142857145,75.33636363636364,22,67.22507713399067,75.33636363636364,0.5833333333333334,24,0.5036101551853348,0.5833333333333334
2,14.025,28,8.731578492057604,16.083928571428572,47.154545454545456,22,44.58913734118623,56.796969696969704,0.20833333333333334,24,0.4148511169990534,0.3541666666666667
3,18.142857142857142,28,9.311976699547206,16.083928571428572,65.07727272727273,22,45.803492607714254,56.796969696969704,0.5,24,0.5107539184552492,0.3541666666666667
4,14.5,28,11.155965021259057,14.5,58.15909090909091,22,50.45883432104789,56.796969696969704,0.16666666666666666,24,0.38069349381344053,0.25
5,14.185714285714285,28,10.985199277873987,14.185714285714285,55.89545454545455,22,52.341220005730776,55.89545454545455,0.3333333333333333,24,0.4815434123430768,0.25
6,12.200000000000001,28,9.783924835421885,12.317857142857141,29.022727272727273,22,28.554875020666568,39.27272727272727,0.08333333333333333,24,0.2823298512866399,0.13333333333333333
7,12.435714285714285,28,7.578342156518788,12.317857142857141,43.99545454545454,22,31.378040202128723,39.27272727272727,0.08333333333333333,24,0.28232985128663995,0.13333333333333333
8,8.692857142857143,28,7.152669979153786,10.758333333333335,26.781818181818185,22,24.77490351456175,39.27272727272727,0.0,24,0.0,0.13333333333333333
9,12.653571428571428,28,11.492331811960115,10.758333333333335,54.127272727272725,22,52.91149107184457,39.27272727272727,0.3333333333333333,24,0.48154341234307685,0.13333333333333333
10,10.928571428571429,28,9.602926141348295,10.758333333333335,42.43636363636363,22,40.528749883256545,39.27272727272727,0.16666666666666666,24,0.38069349381344053,0.13333333333333333
11,8.060714285714285,28,7.211838995230114,9.05,20.36818181818182,22,21.969294293966108,25.729090909090907,0.125,24,0.3378319623460881,0.125
12,8.946428571428571,28,7.017569598428154,9.05,20.804545454545455,22,19.227744767163124,25.729090909090907,0.0,24,0.0,0.08333333333333333
13,10.142857142857142,28,8.664761695401396,9.05,32.877272727272725,22,39.10146668565895,25.729090909090907,0.125,24,0.3378319623460881,0.08333333333333333
14,7.946428571428571,28,6.184238157388636,8.066071428571428,20.259090909090908,22,19.83958666742327,25.729090909090907,0.041666666666666664,24,0.2041241452319315,0.08333333333333333
15,8.185714285714285,28,7.429456601718957,8.066071428571428,34.336363636363636,22,41.89696597100746,25.729090909090907,0.16666666666666666,24,0.38069349381344053,0.08333333333333333
16,6.860714285714286,28,6.3307210569199075,7.376190476190477,21.450000000000003,22,23.084044169904356,21.792424242424246,0.041666666666666664,24,0.2041241452319315,0.041666666666666664
17,7.192857142857143,28,7.1206496047517165,7.376190476190477,20.995454545454546,22,23.61937213940583,21.792424242424246,0.041666666666666664,24,0.2041241452319315,0.041666666666666664
18,7.103571428571429,28,6.7226252666789685,7.376190476190477,22.931818181818183,22,23.71006188587526,21.792424242424246,0.0,24,0.0,0.030303030303030304
19,7.803571428571429,28,6.709776291620899,7.376190476190477,20.64090909090909,22,23.553660297709854,20.64090909090909,0.041666666666666664,24,0.2041241452319315,0.030303030303030304
20,5.882142857142858,28,4.8492881166306505,7.376190476190477,15.977272727272727,22,17.87197678245342,19.802272727272726,0.0,24,0.0,0.030303030303030304
21,9.414285714285715,28,9.185121394214399,7.376190476190477,23.627272727272725,22,24.947815665775362,19.802272727272726,0.041666666666666664,24,0.2041241452319315,0.030303030303030304
22,7.2821428571428575,28,8.131741810198161,7.2821428571428575,14.490909090909092,22,19.091980592482358,18.895454545454545,0.0,24,0.0,0.030303030303030304
23,6.332142857142857,28,5.593452095906994,6.332142857142857,17.768181818181816,22,14.290735805763463,18.895454545454545,0.0,24,0.0,0.030303030303030304
24,5.910714285714286,28,5.824808964326596,6.189285714285715,24.254545454545454,22,31.03608847581776,18.895454545454545,0.041666666666666664,24,0.2041241452319315,0.030303030303030304
25,4.692857142857143,28,5.881164445762016,6.189285714285715,17.009090909090908,22,24.630834509979735,18.895454545454545,0.0,24,0.0,0.030303030303030304
26,6.921428571428572,28,6.824050993191064,6.189285714285715,19.14090909090909,22,22.957780278691477,18.895454545454545,0.0,24,0.0,0.030303030303030304
27,7.232142857142857,28,7.443866656090153,6.189285714285715,20.70909090909091,22,27.371220706130792,18.895454545454545,0.08333333333333333,24,0.28232985128663995,0.030303030303030304
28,4.596428571428571,28,6.460047135641426,5.15679012345679,14.795454545454545,22,25.09977190700246,14.795454545454545,0.041666666666666664,24,0.2041241452319315,0.030303030303030304
29,4.5,25,5.724727067729955,5.15679012345679,9.042105263157895,19,13.19639326943682,13.978048780487805,0.0,21,0.0,0.030303030303030304
30,6.303571428571429,28,7.8347508004926425,5.15679012345679,18.240909090909092,22,32.03829047057686,13.978048780487805,0.08333333333333333,24,0.28232985128663995,0.030303030303030304
31,4.567857142857142,28,6.854036581483751,4.567857142857142,11.113636363636363,22,15.24371206680832,11.243181818181819,0.041666666666666664,24,0.2041241452319315,0.030303030303030304
32,3.067857142857143,28,5.510532243664455,3.6846938775510205,11.372727272727273,22,23.017885009336336,11.243181818181819,0.0,24,0.0,0.030303030303030304
33,3.1,28,4.312256434345661,3.6846938775510205,8.963636363636363,22,14.43281794266919,11.01969696969697,0.041666666666666664,24,0.2041241452319315,0.030303030303030304
34,3.5749999999999997,28,4.9594373187407585,3.6846938775510205,7.759090909090909,22,12.563084967320085,11.01969696969697,0.0,24,0.0,0.030303030303030304
35,4.464285714285714,28,7.23828372770447,3.6846938775510205,16.336363636363636,22,29.164697274265798,11.01969696969697,0.125,24,0.3378319623460881,0.030303030303030304
36,3.242857142857143,28,5.990079982859845,3.6846938775510205,6.136363636363637,22,12.721468373413407,9.209659090909092,0.0,24,0.0,0.01282051282051282
37,3.3285714285714287,28,5.075347617568026,3.6846938775510205,7.9,22,10.593888624602215,9.209659090909092,0.0,24,0.0,0.01282051282051282
38,5.014285714285714,28,6.623622947630771,3.6846938775510205,10.422727272727274,22,15.5236818110169,9.209659090909092,0.0,24,0.0,0.01282051282051282
39,2.289285714285714,28,4.385948884682494,3.031428571428571,8.145454545454545,22,16.172573116610764,9.209659090909092,0.0,24,0.0,0.01282051282051282
40,3.007142857142857,28,4.401003973962757,3.031428571428571,8.977272727272727,22,11.986378452154279,9.209659090909092,0.0,24,0.0,0.01282051282051282
41,3.4285714285714284,28,7.019489120529178,3.031428571428571,12.286363636363637,22,31.851011727289723,9.209659090909092,0.041666666666666664,24,0.2041241452319315,0.01282051282051282
42,2.7821428571428575,28,4.674283749562981,3.031428571428571,7.245454545454546,22,14.35176203791972,9.209659090909092,0.0,24,0.0,0.01282051282051282
43,3.65,28,5.5604755991631585,3.031428571428571,12.563636363636363,22,19.812082543705866,9.209659090909092,0.041666666666666664,24,0.2041241452319315,0.01282051282051282
44,1.9357142857142855,28,2.916011264230934,2.3375,3.9681818181818187,22,7.515849054696816,7.546590909090909,0.0,24,0.0,0.01282051282051282
45,2.7392857142857143,28,3.7946687051718464,2.3375,10.477272727272727,22,20.92432923925051,7.546590909090909,0.041666666666666664,24,0.20412414523193148,0.01282051282051282
46,1.9357142857142857,28,3.137493017340825,2.310714285714286,7.5181818181818185,22,15.536183154590672,7.546590909090909,0.0,24,0.0,0.01282051282051282
47,2.5714285714285716,28,5.232509287058499,2.310714285714286,8.222727272727273,22,21.34193126928841,7.546590909090909,0.0,24,0.0,0.01282051282051282
48,2.4250000000000003,28,5.2042450621263665,2.310714285714286,5.718181818181819,22,18.42577481380844,5.718181818181819,0.041666666666666664,24,0.20412414523193148,0.01282051282051282
49,1.6892857142857143,28,3.324247537883076,1.7178571428571427,4.2272727272727275,22,7.6260944143982385,4.2272727272727275,0.0,24,0.0,0.007434944237918215
50,1.7464285714285714,28,3.59284083852949,1.7178571428571427,4.172727272727273,22,7.098637147414239,4.172727272727273,0.0,24,0.0,0.007434944237918215
51,1.282142857142857,28,3.9538123722721434,1.3375000000000001,3.75,22,15.643247440227698,3.9558441558441553,0.0,24,0.0,0.007434944237918215
52,1.3928571428571428,28,2.588711759047069,1.3375000000000001,1.6727272727272726,22,5.885428480431005,3.9558441558441553,0.0,24,0.0,0.007434944237918215
53,1.0678571428571428,28,2.310532016886631,1.1714285714285715,2.9045454545454543,22,6.70724393563565,3.9558441558441553,0.0,24,0.0,0.007434944237918215
54,0.8678571428571429,28,2.773025299590559,1.1714285714285715,1.1318181818181818,22,5.050260376468709,3.9558441558441553,0.0,24,0.0,0.007434944237918215
55,1.5785714285714287,28,2.9995502308348807,1.1714285714285715,4.427272727272728,22,8.97478912436609,3.9558441558441553,0.0,24,0.0,0.007434944237918215
56,0.8214285714285714,28,2.53440871077013,0.8605042016806723,6.136363636363637,22,15.681397698108219,3.9558441558441553,0.0,24,0.0,0.007434944237918215
57,0.5535714285714286,28,1.5803145825734124,0.8605042016806723,7.668181818181818,22,25.641064281522667,3.9558441558441553,0.041666666666666664,24,0.2041241452319315,0.007434944237918215
58,1.1500000000000001,28,2.7523054309406114,0.8605042016806723,1.0454545454545454,22,2.9369124170554604,1.5468085106382976,0.0,24,0.0,0.007434944237918215
59,0.022222222222222223,18,0.14371358589653876,0.8605042016806723,-0.03076923076923077,13,0.07510676161988107,1.5468085106382976,0.0,15,0.0,0.007434944237918215
60,1.8411764705882354,17,5.579993147792546,0.8605042016806723,4.175,12,12.946542184902292,1.5468085106382976,0.07142857142857142,14,0.26726124191242434,0.007434944237918215
