team,exp_W,P_playoff,P_rel,P_np3,P_pi910,P_pi78,dV_new,dV_old,dPlayoff,win_total,owns_2027_pick
ATL,41.567147500000004,0.48778750000000004,0.0032575,0.249605,0.26043,0.1195625,0.36407394480013144,0.3169262076829212,0.057475,43.5,yes
ORL,42.81778,0.554015,0.0005525,0.2020125,0.24977249999999998,0.1045575,0.35018553792829854,0.2909814159490502,0.051847500000000005,43.5,yes
TOR,43.995065000000004,0.627285,0.0058875,0.16241499999999998,0.21161750000000001,0.10330249999999999,0.3486054248154409,0.2651372298705001,0.0495025,45.5,yes
IND,44.5299325,0.6663,0.009805000000000001,0.11795749999999999,0.19632249999999998,0.121385,0.3409456586376106,0.234478525422123,0.0476075,44.5,yes
MIA,45.68067,0.7325450000000001,6.25e-05,0.09704499999999999,0.17096250000000002,0.0902575,0.33396269053009425,0.2294911176445058,0.043172499999999996,46.5,yes
GSW,39.681125,0.54875,0.012577500000000002,0.16264,0.2764525,0.15213,0.32133794255269615,0.3241083574010108,0.052115,40.5,yes
PHX,40.13615,0.5535175,0.00639,0.1657575,0.27527,0.1327975,0.314973613978996,0.32036771489921073,0.04923,40.5,yes
POR,41.496195,0.6381975,0.0044675,0.1458275,0.20630500000000002,0.138105,0.31239362825458006,0.2896622313563451,0.04574500000000001,42.5,yes
DET,48.61225,0.8638250000000001,0.0,0.03339,0.09858,0.0798475,0.3089820148284859,0.19429893941951376,0.0342275,49.5,yes
CHA,39.159445,0.339955,0.0151,0.41680750000000005,0.23345,0.08769500000000001,0.3078733869365907,0.3489325232018038,0.049755,39.5,yes
CLE,47.682565000000004,0.8091325,1e-05,0.0713975,0.11320999999999999,0.0838125,0.29450151909177913,0.19809076136120007,0.033932500000000004,47.5,yes
PHI,49.624520000000004,0.8746524999999999,8.25e-05,0.036000000000000004,0.08986000000000001,0.058215,0.26388166039317007,0.18302982923259278,0.027185,50.5,yes
LAL,45.4684475,0.80939,0.0020625,0.08254500000000001,0.0966275,0.09175499999999999,0.24965274987264505,0.20392321053262133,0.027527499999999996,46.5,yes
MIN,47.55027,0.90644,0.0,0.0168525,0.0724175,0.0660225,0.24871448827596773,0.18899259405506025,0.02283,48.5,yes
BOS,51.02452,0.9296275,0.0,0.011027499999999999,0.05402,0.051347500000000004,0.24741489961840887,0.16460654164717956,0.020545,51.5,yes
HOU,47.149447499999994,0.885585,7.5e-06,0.0253425,0.08027,0.0810475,0.2454728607055766,0.1915807320551313,0.023145000000000002,47.5,yes
DEN,48.528532500000004,0.90545,0.0015425,0.0247325,0.058870000000000006,0.0745625,0.22457430269679274,0.17535979935706997,0.021102500000000003,49.5,yes
DAL,33.6762875,0.19561250000000002,0.074725,0.47969,0.2641925,0.0669275,0.21587760907468717,0.3967498988123647,0.038285,34.5,yes
NYK,51.93720750000001,0.9353149999999999,7.5e-06,0.020637500000000003,0.0398125,0.03835,0.2133187078943208,0.1568999784543006,0.0165025,52.5,yes
UTA,37.2948775,0.37973250000000003,0.038955000000000004,0.2875325,0.3030525,0.1166325,0.15271858750902753,0.3577267123075186,0.046892500000000004,37.5,yes
WAS,34.915682499999996,0.14423249999999999,0.048625,0.6231325,0.1895925,0.04678499999999999,0.14235459857186242,0.35984658735596653,0.029345,34.5,yes
SAS,58.524442500000006,0.9980325000000001,0.0,0.0,0.0013774999999999998,0.0030924999999999998,0.08991591441603869,0.08428594509045734,0.001,59.5,yes
LAC,29.9381975,0.08227999999999999,0.20646,0.563265,0.1548275,0.0333425,0.07840745017401347,0.34065733472131493,0.0180925,30.5,yes
MEM,29.848305,0.0670275,0.19783,0.6053999999999999,0.133205,0.0295425,0.07191887881859141,0.3393442270310376,0.018255,29.5,yes
OKC,61.169,1.0,0.0,0.0,0.0,1.5e-05,0.04956566003861711,0.049524242039035264,-2.5e-06,62.5,yes
CHI,29.1380925,0.0272675,0.21469249999999998,0.6996525,0.0597425,0.010985,0.010428289204680202,0.3259739967038326,0.0080175,29.5,yes
NOP,27.4990625,0.0244225,0.3298775,0.5865975,0.061072499999999995,0.0109575,0.0016646795765422858,0.28000351330407725,0.0069724999999999995,27.5,yes
SAC,21.7599375,0.005562500000000001,0.7426824999999999,0.23623999999999998,0.01606,0.0030699999999999994,-0.035694184273545655,0.15094924435981397,0.0017375000000000001,21.5,yes
MIL,25.049922499999997,0.0047925,0.5051574999999999,0.4739575,0.017230000000000002,0.0020675,-0.04601643772247482,0.21046554750042404,0.0021675,25.5,yes
BKN,24.5449225,0.0032675,0.5791825,0.40253999999999995,0.0153975,0.00183,-0.04661582594110001,0.1975549571649211,0.0012925,24.5,yes
