team,W0,exp_W,dV_old,dV_new,dPlayoff,dPlayin,EV_old,EV_new,P_playoff,P_rel,P_np3,P_pi910,P_pi78,season,pre_G,post_G,post_W_actual,post_W_expected,post_shortfall,post_winpct,owns_pick
ATL,24.0,35.413825,0.009946613071429923,0.004130128619748379,0.0196,0.103275,0.16497648239437496,0.18283311383540174,0.098525,0.0,0.26045,0.734825,0.003075,2023-24,55,27,12,11.413825000000003,-0.5861749999999972,0.4444444444444444,own
BOS,43.0,63.83625,0.0,0.0,0.0,0.0,0.0303030303030303,0.0303030303030303,1.0,0.0,0.0,0.0,0.0,2023-24,55,27,21,20.83625,-0.16375000000000028,0.7777777777777778,own
BKN,21.0,33.1262,0.0,0.0,0.013675,0.109875,0.0,0.0,0.032375,0.0,0.72215,0.27725,0.000375,2023-24,54,28,11,12.126199999999997,1.1261999999999972,0.39285714285714285,owed
CHA,13.0,19.426325,0.0039061107177083337,-0.0020831886531547626,0.0,0.0,0.26650707967083337,0.20056900068170636,0.0,0.19265,0.80735,0.0,0.0,2023-24,54,28,8,6.4263249999999985,-1.5736750000000015,0.2857142857142857,protected
CHI,26.0,38.441575,0.009979443173551138,0.004120994395627706,0.028925,0.0227,0.12520092108394884,0.1703014552086972,0.221775,0.0,0.034175,0.90865,0.035225,2023-24,55,27,13,12.441575,-0.5584249999999997,0.48148148148148145,own
CLE,36.0,54.380525,2.0847256960227214e-05,4.5633883115530283e-05,0.0001,-0.001275,0.030312215909090907,0.030329268328503783,1.0,0.0,0.0,0.0,0.00025,2023-24,53,29,12,18.380525,6.380524999999999,0.41379310344827586,own
DET,8.0,12.8652,0.004638428520000004,-0.000289215734047619,0.0,0.0,0.3149802296226042,0.18191786987306544,0.0,0.992625,0.007375,0.0,0.0,2023-24,54,28,6,4.8652,-1.1348000000000003,0.21428571428571427,protected
IND,31.0,45.181825,0.0007283478651041668,0.0037708798843749994,0.0355,-0.137625,0.0017260441281250003,0.012508048859374997,0.8857,0.0,0.0,0.026875,0.2916,2023-24,56,26,16,14.181825000000003,-1.8181749999999965,0.6153846153846154,protected
MIA,30.0,45.162275,0.00708307540922348,0.009518749037241607,0.037,-0.13815,0.05110773311834277,0.06492873229316286,0.88095,0.0,0.0,0.021575,0.30885,2023-24,55,27,16,15.162275000000001,-0.8377249999999989,0.5925925925925926,own
MIL,35.0,49.271275,0.001355216815909088,0.0023346498804356045,0.006525,-0.0505,0.031971057354071956,0.03344781355476325,0.991725,0.0,0.0,0.000425,0.029375,2023-24,56,26,14,14.271275000000003,0.2712750000000028,0.5384615384615384,own
NYK,33.0,48.811925,0.0018506136567045417,0.0032805923974526495,0.0088,-0.068025,0.03283292690956438,0.03510138677974431,0.9867,0.0,0.0,0.0014,0.043825,2023-24,55,27,17,15.811925000000002,-1.1880749999999978,0.6296296296296297,own
ORL,30.0,46.871775,0.004552252251553024,0.007222930446751889,0.023175,-0.129875,0.03900797207194127,0.04575493455699809,0.950525,0.0,0.0,0.006325,0.140075,2023-24,55,27,17,16.871775,-0.12822500000000048,0.6296296296296297,own
PHI,32.0,46.911325,0.004288309758607948,0.006869132812623102,0.021325,-0.12455,0.03931893556216853,0.04637766856695074,0.9503,0.0,0.0,0.0059,0.14735,2023-24,54,28,15,14.911324999999998,-0.08867500000000206,0.5357142857142857,own
TOR,19.0,28.96985,0.007032735595729167,0.0006525603739285713,0.0015,0.01485,0.14361673454520832,0.1506051079902976,0.001425,0.0,0.983225,0.016775,0.0,2023-24,55,27,6,9.969850000000001,3.969850000000001,0.2222222222222222,protected
WAS,9.0,14.4129,0.00532517698666667,-0.0004078618044444444,0.0,0.0,0.30297667174864584,0.18210449341916665,0.0,0.968175,0.031825,0.0,0.0,2023-24,54,28,6,5.4129000000000005,-0.5870999999999995,0.21428571428571427,protected
DAL,32.0,47.416475,0.0011497144065625,0.01386559247806548,0.074575,-0.133,0.0022611509757291667,0.03511834766327381,0.8204,0.0,0.002875,0.1332,0.2004,2023-24,55,27,18,15.416474999999998,-2.5835250000000016,0.6666666666666666,protected
DEN,36.0,53.972075,8.405459360795445e-05,0.00034220845279356055,0.001225,-0.00845,0.030369140399005675,0.0305905512441856,0.999,0.0,0.0,0.0004,0.00245,2023-24,55,27,21,17.972074999999997,-3.0279250000000033,0.7777777777777778,own
GSW,27.0,43.060125,0.0031716097208333333,0.008902257594196428,0.074425,0.030025,0.013822788378125,0.07430558667410714,0.295525,0.0,0.089875,0.6862,0.112225,2023-24,53,29,19,16.060125,-2.9398750000000007,0.6551724137931034,protected
HOU,24.0,36.6416,0.008493567018749999,0.0012859741979910713,0.004425,0.032025,0.056447108830208335,0.12086289315647322,0.0053,0.0,0.95355,0.045575,0.0006,2023-24,54,28,17,12.641599999999997,-4.358400000000003,0.6071428571428571,protected
LAC,36.0,55.15555,0.0,0.0,0.0006,-0.003625,0.0,0.0,0.999575,0.0,0.0,7.5e-05,0.0013,2023-24,53,29,15,19.155549999999998,4.155549999999998,0.5172413793103449,owed
LAL,30.0,43.8504,0.008366843928020833,0.014848015377406654,0.0906,-0.00885,0.07710111459259467,0.1434566930688176,0.3834,0.0,0.04435,0.634225,0.14825,2023-24,56,26,17,13.8504,-3.1495999999999995,0.6538461538461539,own
MEM,20.0,31.3442,0.005040737040625,4.539736160714288e-06,0.0,0.000125,0.20797761290239578,0.21005415981339284,0.0,0.0,0.99975,0.00025,0.0,2023-24,56,26,7,11.3442,4.344200000000001,0.2692307692307692,own
MIN,39.0,58.158325,0.0,2.3397116382575754e-06,0.0,-5e-05,0.0303030303030303,0.0303030303030303,1.0,0.0,0.0,0.0,0.0,2023-24,55,27,17,19.158324999999998,2.158324999999998,0.6296296296296297,own
NOP,33.0,49.231575,0.0029826168837594666,0.008100461595784628,0.03785,-0.116725,0.0350773600794034,0.04489849254068181,0.9368,0.0,0.000175,0.037775,0.09575,2023-24,55,27,16,16.231575,0.23157499999999942,0.5925925925925926,own
OKC,37.0,56.44765,6.281308712121207e-06,2.573682802083333e-05,0.0001,-0.00095,0.030305097789299237,0.030319408284498105,0.999975,0.0,0.0,0.0,0.000175,2023-24,54,28,20,19.447650000000003,-0.552349999999997,0.7142857142857143,own
PHX,33.0,46.393075,0.0070937424851988595,0.01686488009802083,0.086125,-0.113675,0.05180104069583331,0.08853497226372968,0.716325,0.0,0.005525,0.234325,0.247025,2023-24,55,27,16,13.393075000000003,-2.606924999999997,0.5925925925925926,own
POR,15.0,23.36305,0.0023304296739583355,-0.00016994894815476193,0.0,0.0,0.24415935252479168,0.2048545174568254,0.0,0.0092,0.9908,0.0,0.0,2023-24,54,28,6,8.363050000000001,2.363050000000001,0.21428571428571427,protected
SAC,31.0,47.444,0.00644320632770833,0.015856721178675592,0.067225,-0.13615,0.01584480063614583,0.04108491498953869,0.830125,0.0,0.0023,0.131975,0.1903,2023-24,54,28,15,16.444000000000003,1.4440000000000026,0.5357142857142857,protected
SAS,11.0,16.571425,0.004884612795208334,-0.0027872457506746026,0.0,0.0,0.28702452425895836,0.18632061233426583,0.0,0.83735,0.16265,0.0,0.0,2023-24,55,27,11,5.571425000000001,-5.428574999999999,0.4074074074074074,own
UTA,26.0,37.867425,0.020330620279687496,0.0031137524001190464,0.009925,0.06065,0.08417679600718748,0.1823280379789583,0.013575,0.0,0.9016,0.096,0.001525,2023-24,56,26,5,11.867424999999997,6.867424999999997,0.19230769230769232,protected
ATL,26.0,39.674575,0.0,0.0,0.0831,-0.091675,0.0,0.0,0.657025,0.0,0.00535,0.3319,0.241175,2024-25,55,27,14,13.674574999999995,-0.3254250000000027,0.5185185185185185,owed
BOS,39.0,58.21855,0.0,0.0,0.0,0.0,0.0303030303030303,0.0303030303030303,1.0,0.0,0.0,0.0,0.0,2024-25,55,27,22,19.21855,-2.7814499999999995,0.8148148148148148,own
BKN,20.0,30.7114,0.0079624994064583,0.0034112037923908,0.011325,0.09015,0.2153559585052083,0.2033418138703224,0.02145,0.000125,0.8171,0.18175,0.000675,2024-25,54,28,6,10.7114,4.711400000000001,0.2142857142857142,own
CHA,13.0,20.55935,0.0055913121270833,-0.0037227446286309,0.0,2.5e-05,0.2839860830291667,0.1916163219478273,0.0,0.65055,0.349425,2.5e-05,0.0,2024-25,52,30,6,7.5593499999999985,1.5593499999999985,0.2,own
CHI,22.0,32.5984,0.0103535879766098,0.0056352099392113,0.022425,0.1331,0.19408210435232,0.1916305504186972,0.06625,0.0,0.5128,0.47815,0.005575,2024-25,55,27,17,10.598399999999998,-6.401600000000002,0.6296296296296297,own
CLE,44.0,65.6976,0.0,0.0,0.0,0.0,0.0303030303030303,0.0303030303030303,1.0,0.0,0.0,0.0,0.0,2024-25,54,28,20,21.69759999999999,1.6975999999999942,0.7142857142857143,own
DET,29.0,42.940525,0.0060785077335511,0.0087131403859063,0.034875,-0.12225,0.0430118447129829,0.0479544209355965,0.935175,0.0,0.0,0.0374,0.113875,2024-25,55,27,15,13.940525,-1.059474999999999,0.5555555555555556,own
IND,30.0,46.329025,0.001214729884517,0.0016763459634848,0.005675,-0.0307,0.0318422361992708,0.0323215158733806,0.993025,0.0,0.0,0.0022,0.015825,2024-25,53,29,20,16.329025,-3.6709749999999985,0.6896551724137931,own
MIA,25.0,39.83495,0.0136753252584375,0.0185949367606101,0.084525,-0.092725,0.0431149889267708,0.0749890950751041,0.673675,0.0,0.004025,0.296925,0.2567,2024-25,53,29,12,14.83495,2.834949999999999,0.4137931034482758,protected
MIL,29.0,43.4829,0.0052220412833901,0.0074953252997253,0.02905,-0.105325,0.0410478682658901,0.045307750979517,0.94255,0.0,0.0,0.033525,0.094925,2024-25,53,29,19,14.4829,-4.517099999999999,0.6551724137931034,own
NYK,36.0,52.837675,3.950619649621211e-06,5.64167872159091e-06,2.5e-05,-2.5e-05,0.0303044507575757,0.0303056541055776,1.0,0.0,0.0,0.0,2.5e-05,2024-25,54,28,15,16.837674999999997,1.8376749999999973,0.5357142857142857,own
ORL,27.0,39.7637,0.0128878357614109,0.0161920389516828,0.083725,-0.090375,0.0800661651355492,0.1016851678255208,0.67095,0.0,0.0028,0.299775,0.268775,2024-25,56,26,14,12.7637,-1.2363,0.5384615384615384,own
PHI,20.0,31.41225,0.0147582411063541,0.0052508475587103,0.016225,0.112575,0.1254157148251041,0.1391100419442063,0.03315,0.0001,0.727625,0.268575,0.00235,2024-25,54,28,4,11.41225,7.41225,0.1428571428571428,protected
TOR,17.0,29.028075,0.0058796591886458,0.0015688229133482,0.003675,0.044675,0.2290964409999999,0.2074574959184027,0.00675,0.002075,0.928025,0.069775,0.0001,2024-25,55,27,13,12.028075,-0.9719249999999988,0.4814814814814814,own
WAS,9.0,15.726825,0.0031524079559375,-0.0005618210549404,0.0,0.0,0.3190969855909374,0.1433514677345833,0.0,0.988275,0.011725,0.0,0.0,2024-25,54,28,9,6.726825,-2.273175,0.3214285714285714,protected
DAL,30.0,44.413525,0.0070375208142234,0.0171505372403693,0.09045,-0.07985,0.053364186850142,0.098544031009011,0.6608,0.0,0.021475,0.28235,0.254425,2024-25,56,26,9,14.413525,5.413525,0.3461538461538461,own
DEN,36.0,52.188175,0.0001215256678977,0.0004415485797632,0.001975,-0.0121,0.0304024215734374,0.0307887274417803,0.998375,0.0,0.0,0.00045,0.0045,2024-25,55,27,14,16.188175,2.188175000000001,0.5185185185185185,own
GSW,28.0,42.638675,0.0045264859130208,0.0166872367163095,0.088125,0.00955,0.011498629665,0.1046415103686904,0.42405,0.0,0.088625,0.527275,0.17765,2024-25,55,27,20,14.638675,-5.361325000000001,0.7407407407407407,protected
HOU,34.0,51.3272,0.0002009210243844,0.0009716234336336,0.0032,-0.02235,0.0305107455052083,0.0312673730086336,0.996625,0.0,2.5e-05,0.00095,0.0088,2024-25,55,27,18,17.327199999999998,-0.6728000000000023,0.6666666666666666,own
LAC,31.0,45.77915,0.0,0.0,0.072025,-0.124425,0.0303030303030303,0.0303030303030303,0.8074,0.0,0.00815,0.1431,0.210025,2024-25,54,28,19,14.77915,-4.220849999999999,0.6785714285714286,lesser
LAL,32.0,49.118875,0.0012219515226799,0.0043064985473146,0.019,-0.07425,0.0320933663857954,0.0372473585336999,0.97175,0.0,0.0002,0.01385,0.052525,2024-25,52,30,18,17.118875000000003,-0.8811249999999973,0.6,own
MEM,36.0,53.068875,5.8988900142045454e-05,0.0002568868392045,0.000975,-0.006325,0.0303541786632102,0.0305281015635132,0.99915,0.0,0.0,0.00015,0.002175,2024-25,54,28,12,17.068875,5.0688749999999985,0.4285714285714285,own
MIN,31.0,46.24445,0.0,0.0,0.059925,-0.1394,0.0,0.0,0.85735,0.0,0.00375,0.08765,0.1959,2024-25,56,26,18,15.24445,-2.7555499999999995,0.6923076923076923,owed
NOP,13.0,19.920925,0.0056347135234375,-0.0032607656289682,0.0,0.0,0.2887928756623958,0.1885542367901091,0.0,0.758575,0.241425,0.0,0.0,2024-25,55,27,8,6.920925,-1.0790749999999996,0.2962962962962963,own
OKC,44.0,65.894575,0.0,0.0,0.0,0.0,0.0303030303030303,0.0303030303030303,1.0,0.0,0.0,0.0,0.0,2024-25,54,28,24,21.894575000000003,-2.1054249999999968,0.8571428571428571,own
PHX,26.0,38.11885,0.0,0.0,0.0278,0.11015,0.0,0.0,0.05175,0.0,0.737625,0.23995,0.0125,2024-25,54,28,10,12.118850000000002,2.118850000000002,0.3571428571428571,owed
POR,23.0,34.73525,0.0103502402355208,0.0010129217035416,0.003275,0.022575,0.1780183762432291,0.2038886541737202,0.00365,0.0,0.97325,0.02615,0.000425,2024-25,55,27,13,11.73525,-1.2647499999999994,0.4814814814814814,protected
SAC,28.0,40.7942,0.0168011287401041,0.0137989888642708,0.06935,0.09145,0.0483198324518749,0.1441039510345833,0.21565,0.0,0.253475,0.59615,0.078275,2024-25,55,27,12,12.794199999999996,0.7941999999999965,0.4444444444444444,protected
SAS,23.0,36.128025,0.0116691931236837,0.0024740365205235,0.0108,0.054925,0.159984771912642,0.2065226515082278,0.01345,0.0,0.913425,0.081975,0.0028,2024-25,52,30,11,13.128025,2.128025000000001,0.3666666666666666,own
UTA,13.0,20.81345,0.0055702615609374,-0.0059517571717658,0.0,0.0,0.282039928445625,0.1605485110316667,0.0,0.6003,0.3997,0.0,0.0,2024-25,54,28,4,7.81345,3.81345,0.1428571428571428,protected
ATL,26.0,39.63045,0.0,0.0,0.084775,0.064175,0.0303030303030303,0.0303030303030303,0.30665,0.0,0.166675,0.59065,0.124025,2025-26,56,26,20,13.630450000000003,-6.369549999999997,0.7692307692307693,lesser
BOS,35.0,51.996075,6.581639517045435e-05,0.00014061384350378775,0.000375,-0.003625,0.030368281429924242,0.030449483919460226,0.99955,0.0,0.0,0.0001,0.001275,2025-26,54,28,21,16.996074999999998,-4.003925000000002,0.75,own
BKN,15.0,23.44145,0.010156470358020838,-0.003923551686160714,0.0,0.0,0.2664776870903125,0.19874271165644838,0.0,0.39925,0.60075,0.0,0.0,2025-26,53,29,5,8.44145,3.4414499999999997,0.1724137931034483,own
CHA,26.0,39.039,0.012712006441373108,0.012165025787268672,0.07315,0.087225,0.11615399548971586,0.1661298836130871,0.241975,0.0,0.2275,0.5968,0.09215,2025-26,55,27,18,13.039000000000001,-4.9609999999999985,0.6666666666666666,own
CHI,24.0,35.2884,0.008546420462149621,0.0038458866682494603,0.018425,0.083275,0.16770985100416663,0.20322478410222403,0.030025,0.0,0.8359,0.153375,0.0066,2025-26,55,27,7,11.288400000000003,4.288400000000003,0.25925925925925924,own
CLE,34.0,50.888375,0.00014165684749052983,0.00032412567007575734,0.0006,-0.008275,0.030454835913541662,0.03063509647989583,0.999,0.0,0.0,0.00025,0.002825,2025-26,55,27,18,16.888375000000003,-1.1116249999999965,0.6666666666666666,own
DET,40.0,60.2662,0.0,0.0,0.0,0.0,0.0303030303030303,0.0303030303030303,1.0,0.0,0.0,0.0,0.0,2025-26,53,29,20,20.266199999999998,0.26619999999999777,0.6896551724137931,own
IND,15.0,23.1159,0.007554508060937498,-0.005589289973189485,0.0,2.5e-05,0.184680971196875,0.10528548624156747,0.0,0.460075,0.539925,0.0,0.0,2025-26,55,27,4,8.1159,4.1159,0.14814814814814814,protected
MIA,29.0,42.882925,0.009729707637746209,0.01592336618892451,0.08345,-0.0891,0.06267662865249049,0.09045571325030842,0.729275,0.0,0.016925,0.196625,0.28095,2025-26,56,26,14,13.882925,-0.11707499999999982,0.5384615384615384,own
MIL,23.0,36.088075,0.00655932765151515,0.0024918276515151524,0.02925,0.104725,0.13409412878787874,0.12296620265151512,0.0572,0.0,0.735825,0.23655,0.015475,2025-26,53,29,9,13.088075000000003,4.0880750000000035,0.3103448275862069,lesser
NYK,35.0,51.249575,0.00010206711813446935,0.00021510955464015136,0.00065,-0.0049,0.030390520950331432,0.0304720449165625,0.99945,0.0,0.0,0.0001,0.001425,2025-26,55,27,18,16.249575,-1.750425,0.6666666666666666,own
ORL,28.0,43.2165,0.0,0.0,0.077525,-0.09275,0.0,0.0,0.753725,0.0,0.015125,0.17165,0.26835,2025-26,53,29,17,15.216500000000003,-1.7834999999999965,0.5862068965517241,owed
PHI,30.0,45.29465,0.0053314067910416605,0.009421765693283273,0.040775,-0.124525,0.041632644360066265,0.052204936567057596,0.9129,0.0,0.0019,0.044225,0.146375,2025-26,54,28,15,15.294649999999997,0.2946499999999972,0.5357142857142857,own
TOR,32.0,47.010925,0.002509301955984844,0.004723943822732682,0.017975,-0.08015,0.03432665454488635,0.03805020536530573,0.97025,0.0,0.00015,0.009675,0.06055,2025-26,55,27,14,15.010925,1.0109250000000003,0.5185185185185185,own
WAS,14.0,22.035225,0.010173485288333338,-0.0064665855120833345,0.0,0.0,0.2822494753691667,0.1401160703201389,0.0,0.644875,0.355125,0.0,0.0,2025-26,53,29,3,8.035225,5.0352250000000005,0.10344827586206896,protected
DAL,19.0,28.700225,0.005365557924375001,-0.0001965629193650793,2.5e-05,0.000775,0.21539807386145832,0.20978262640964285,7.5e-05,0.009,0.9903,0.0007,0.0,2025-26,54,28,7,9.700225,2.7002249999999997,0.25,own
DEN,35.0,50.179025,0.0007971369239109838,0.0027369736751325755,0.0107,-0.06635,0.031444361110369315,0.03456407762654356,0.9836,0.0,0.0,0.00325,0.040175,2025-26,55,27,19,15.179025000000003,-3.820974999999997,0.7037037037037037,own
GSW,29.0,43.3026,0.008152560608598484,0.013392005700037873,0.0752,-0.040175,0.06619844182540717,0.11622079602869587,0.5805,0.0,0.000325,0.374825,0.33435,2025-26,55,27,8,14.302599999999998,6.302599999999998,0.2962962962962963,own
HOU,33.0,51.214075,6.127003072916666e-05,0.0007983136593750001,0.006175,-0.041575,7.248104427083332e-05,0.0010138472125,0.99245,0.0,0.0,0.0011,0.020825,2025-26,53,29,19,18.214075,-0.7859249999999989,0.6551724137931034,protected
LAC,26.0,40.889825,0.0,0.0,0.059075,-0.0042,0.0,0.0,0.2974,0.0,0.0047,0.782225,0.12895,2025-26,54,28,16,14.889825000000002,-1.1101749999999981,0.5714285714285714,owed
LAL,33.0,49.579075,0.001126573794791665,0.0035894168380113628,0.01415,-0.084475,0.032006476892803025,0.03664352710910037,0.976675,0.0,0.0,0.00455,0.059925,2025-26,54,28,20,16.579075000000003,-3.420924999999997,0.7142857142857143,own
MEM,20.0,31.19735,0.004976681487708333,0.00022351442509424614,0.00055,0.0064,0.199392132174375,0.20977460747999002,0.0007,0.000325,0.99205,0.007575,5e-05,2025-26,53,29,5,11.19735,6.19735,0.1724137931034483,own
MIN,34.0,48.3661,0.002204091439630679,0.006284366732054922,0.027775,-0.11835,0.03427116702372158,0.043226892181467795,0.94615,0.0,0.0,0.01445,0.113975,2025-26,56,26,15,14.366100000000003,-0.633899999999997,0.5769230769230769,own
NOP,15.0,22.83615,0.0,0.0,0.0,0.0,0.0,0.0,0.0,0.511625,0.488375,0.0,0.0,2025-26,56,26,11,7.83615,-3.16385,0.4230769230769231,owed
OKC,42.0,60.062525,0.0,0.0,0.0,0.0,0.0303030303030303,0.0303030303030303,1.0,0.0,0.0,0.0,0.0,2025-26,56,26,22,18.062525,-3.937474999999999,0.8461538461538461,own
PHX,32.0,47.4412,0.003088239705085223,0.008224314394583331,0.034775,-0.13795,0.036768953335738624,0.05107018712321968,0.915725,0.0,0.0,0.029025,0.1738,2025-26,55,27,13,15.441200000000002,2.441200000000002,0.48148148148148145,own
POR,27.0,41.063675,0.0110605841796875,0.010644025508898808,0.0603,-0.00575,0.07550983720239583,0.14102698551910714,0.306725,0.0,0.0033,0.7823,0.12795,2025-26,56,26,15,14.063675000000003,-0.9363249999999965,0.5769230769230769,protected
SAC,12.0,19.278075,0.006409329464375004,-0.001491445844206349,0.0,0.0,0.31183198168104165,0.18346248037426582,0.0,0.93815,0.06185,0.0,0.0,2025-26,56,26,10,7.278075000000001,-2.721924999999999,0.38461538461538464,own
SAS,38.0,57.297075,2.8409090909090756e-07,2.3397116382575754e-06,0.0,-0.00015,0.0303030303030303,0.0303030303030303,1.0,0.0,0.0,0.0,0.0,2025-26,54,28,24,19.297075,-4.7029250000000005,0.8571428571428571,own
UTA,18.0,27.1493,0.011415673451666669,-0.0013511398248611114,0.0,0.0,0.21508698006687502,0.16847601727388892,0.0,0.0367,0.9633,0.0,0.0,2025-26,56,26,4,9.1493,5.1493,0.15384615384615385,protected
