team,win_total,owns_2027_pick,P_playoff,P_rel,dV_new,dV_old,dV_new_kalshi
IND,44.5,yes,0.650595,0.0066733333333333,0.3616257418470626,0.2495953318825318,0.3638299399570119
TOR,45.5,yes,0.678845,0.003925,0.3466709257255971,0.2453457671561078,0.33715137418695
ORL,43.5,yes,0.5693033333333333,0.00376,0.3446421168276757,0.2801886330510396,0.3325675699980694
POR,42.5,yes,0.655435,0.0033983333333333,0.3130849474733732,0.2833994375440071,0.3118512402369615
DET,49.5,yes,0.8553916666666667,0.0,0.3011748619582816,0.1917986415220446,0.2619248036608221
CHA,39.5,yes,0.3191866666666667,0.022545,0.2953605110984439,0.3451824757358961,0.2717171212498989
CHI,29.5,yes,0.0258183333333333,0.241945,0.0095444141038345,0.3194393486987699,0.0031781158370807
MEM,29.5,yes,0.06385,0.2252116666666666,0.0663212136297568,0.3338840604020369,0.0795989118605262
SAC,21.5,yes,0.00385,0.7507066666666666,-0.0400064486200561,0.1448560706811527,-0.034841328391208
